-- 024_seed_extracted_templates.sql
-- Seeds 47 job-card templates extracted from
-- 'Job Card Description.docx'. Idempotent via ON CONFLICT DO NOTHING.
--
-- Generated by scripts/extract-templates-from-docx.py
BEGIN;

-- ── New operation_catalog rows ──
INSERT INTO operation_catalog (id, code, canonical_name, default_station_id, typical_hours, description, is_active)
VALUES (101, 'MFR_SIGN_RACK', 'Manufacture sign rack', 20, 1.5, 'Stand-alone sign rack fabrication for tipper accessory variants.', TRUE)
ON CONFLICT (code) DO NOTHING;
INSERT INTO operation_catalog (id, code, canonical_name, default_station_id, typical_hours, description, is_active)
VALUES (100, 'MFR_POLE_SAW_BOX', 'Manufacture pole-saw box components', 20, 4.0, 'Chipper-body pole-saw stowage box; used by CH templates.', TRUE)
ON CONFLICT (code) DO NOTHING;
INSERT INTO operation_catalog (id, code, canonical_name, default_station_id, typical_hours, description, is_active)
VALUES (102, 'PANTECH_SILICON_SEAL', 'Silicon and sealing', 80, 1.5, 'Pantech panel-joint sealing using marine silicon. Done at the pantech bench.', TRUE)
ON CONFLICT (code) DO NOTHING;

-- ── Templates ──
INSERT INTO job_code_templates (code, base_code, customer_id, body_type_id, job_type_id, name, description, body_size_mm, chassis_class, variant_suffix, current_version, is_active)
VALUES ('BGT-DP42N', NULL, (SELECT id FROM customers WHERE code = 'BGT'), 4, 1, 'BGT-DP42N — MANUFACTURE AND FIT ONE 6 PALLET ALUMINIUM MONOPAN BODY:', 'MANUFACTURE AND FIT ONE 6 PALLET ALUMINIUM MONOPAN BODY:', NULL, NULL, NULL, 1, TRUE)
ON CONFLICT (code) DO NOTHING;
INSERT INTO job_code_templates (code, base_code, customer_id, body_type_id, job_type_id, name, description, body_size_mm, chassis_class, variant_suffix, current_version, is_active)
VALUES ('CH29N', NULL, NULL, 5, 1, 'CH29N — MANUFACTURE AND FIT ONE CHIPPER BODY:', 'MANUFACTURE AND FIT ONE CHIPPER BODY:', NULL, NULL, NULL, 1, TRUE)
ON CONFLICT (code) DO NOTHING;
INSERT INTO job_code_templates (code, base_code, customer_id, body_type_id, job_type_id, name, description, body_size_mm, chassis_class, variant_suffix, current_version, is_active)
VALUES ('CH38F', NULL, NULL, 5, 1, 'CH38F — MANUFACTURE AND FIT ONE CHIPPER BODY:', 'MANUFACTURE AND FIT ONE CHIPPER BODY:', NULL, NULL, NULL, 1, TRUE)
ON CONFLICT (code) DO NOTHING;
INSERT INTO job_code_templates (code, base_code, customer_id, body_type_id, job_type_id, name, description, body_size_mm, chassis_class, variant_suffix, current_version, is_active)
VALUES ('DFE-DP42N', NULL, (SELECT id FROM customers WHERE code = 'DFE'), 4, 1, 'DFE-DP42N — MANUFACTURE AND FIT ONE 6 PALLET ALUMINIUM PANTECH AS PER SPECIFICATION INC EXTR', 'MANUFACTURE AND FIT ONE 6 PALLET ALUMINIUM PANTECH AS PER SPECIFICATION INC EXTRAS:', NULL, NULL, NULL, 1, TRUE)
ON CONFLICT (code) DO NOTHING;
INSERT INTO job_code_templates (code, base_code, customer_id, body_type_id, job_type_id, name, description, body_size_mm, chassis_class, variant_suffix, current_version, is_active)
VALUES ('DFE-TT52N', NULL, (SELECT id FROM customers WHERE code = 'DFE'), 3, 1, 'DFE-TT52N — MANUFACTURE 1 X DFE-5 TAUTLINER BODY AS PER SPECIFICATION:', 'MANUFACTURE 1 X DFE-5 TAUTLINER BODY AS PER SPECIFICATION:', NULL, NULL, NULL, 1, TRUE)
ON CONFLICT (code) DO NOTHING;
INSERT INTO job_code_templates (code, base_code, customer_id, body_type_id, job_type_id, name, description, body_size_mm, chassis_class, variant_suffix, current_version, is_active)
VALUES ('DP43N', NULL, NULL, 4, 1, 'DP43N — MANUFACTURE AND FIT ONE 6 PALLET PANTECH BODY:', 'MANUFACTURE AND FIT ONE 6 PALLET PANTECH BODY:', NULL, NULL, NULL, 1, TRUE)
ON CONFLICT (code) DO NOTHING;
INSERT INTO job_code_templates (code, base_code, customer_id, body_type_id, job_type_id, name, description, body_size_mm, chassis_class, variant_suffix, current_version, is_active)
VALUES ('DP67F', NULL, NULL, 4, 1, 'DP67F — MANUFACTURE AND FIT ONE 10 PALLET PANTECH BODY:', 'MANUFACTURE AND FIT ONE 10 PALLET PANTECH BODY:', NULL, NULL, NULL, 1, TRUE)
ON CONFLICT (code) DO NOTHING;
INSERT INTO job_code_templates (code, base_code, customer_id, body_type_id, job_type_id, name, description, body_size_mm, chassis_class, variant_suffix, current_version, is_active)
VALUES ('IAL-TT55N', NULL, (SELECT id FROM customers WHERE code = 'IAL'), 3, 1, 'IAL-TT55N — MANUFACTURE AND FIT ONE 8 PALLET TAUTLINER BODY:', 'MANUFACTURE AND FIT ONE 8 PALLET TAUTLINER BODY:', NULL, NULL, NULL, 1, TRUE)
ON CONFLICT (code) DO NOTHING;
INSERT INTO job_code_templates (code, base_code, customer_id, body_type_id, job_type_id, name, description, body_size_mm, chassis_class, variant_suffix, current_version, is_active)
VALUES ('IAL-TT65FD', NULL, (SELECT id FROM customers WHERE code = 'IAL'), 3, 1, 'IAL-TT65FD — MANUFACTURE AND FIT ONE 10 PALLET TAUTLINER BODY:', 'MANUFACTURE AND FIT ONE 10 PALLET TAUTLINER BODY:', NULL, NULL, NULL, 1, TRUE)
ON CONFLICT (code) DO NOTHING;
INSERT INTO job_code_templates (code, base_code, customer_id, body_type_id, job_type_id, name, description, body_size_mm, chassis_class, variant_suffix, current_version, is_active)
VALUES ('IAL-TT65FR', NULL, (SELECT id FROM customers WHERE code = 'IAL'), 3, 1, 'IAL-TT65FR — MANUFACTURE AND FIT ONE 10 PALLET TAUTLINER BODY:', 'MANUFACTURE AND FIT ONE 10 PALLET TAUTLINER BODY:', NULL, NULL, NULL, 1, TRUE)
ON CONFLICT (code) DO NOTHING;
INSERT INTO job_code_templates (code, base_code, customer_id, body_type_id, job_type_id, name, description, body_size_mm, chassis_class, variant_suffix, current_version, is_active)
VALUES ('IAL-TT89F', NULL, (SELECT id FROM customers WHERE code = 'IAL'), 3, 1, 'IAL-TT89F — MANUFACTURE AND FIT ONE 14 PALLET TAUTLINER BODY:', 'MANUFACTURE AND FIT ONE 14 PALLET TAUTLINER BODY:', NULL, NULL, 'NEW_CHASSIS', 1, TRUE)
ON CONFLICT (code) DO NOTHING;
INSERT INTO job_code_templates (code, base_code, customer_id, body_type_id, job_type_id, name, description, body_size_mm, chassis_class, variant_suffix, current_version, is_active)
VALUES ('IAL-VP42N', NULL, (SELECT id FROM customers WHERE code = 'IAL'), 4, 1, 'IAL-VP42N — MANUFACTURE AND FIT VANPACK BODY AS PER SPECIFICATION INC EXTRAS:', 'MANUFACTURE AND FIT VANPACK BODY AS PER SPECIFICATION INC EXTRAS:', NULL, NULL, NULL, 1, TRUE)
ON CONFLICT (code) DO NOTHING;
INSERT INTO job_code_templates (code, base_code, customer_id, body_type_id, job_type_id, name, description, body_size_mm, chassis_class, variant_suffix, current_version, is_active)
VALUES ('TP32N', NULL, NULL, 2, 1, 'TP32N — MANUFACTURE AND FIT 2-4 TONNE TIPPER BODY:', 'MANUFACTURE AND FIT 2-4 TONNE TIPPER BODY:', NULL, NULL, NULL, 1, TRUE)
ON CONFLICT (code) DO NOTHING;
INSERT INTO job_code_templates (code, base_code, customer_id, body_type_id, job_type_id, name, description, body_size_mm, chassis_class, variant_suffix, current_version, is_active)
VALUES ('TP40N', NULL, NULL, 2, 1, 'TP40N — MANUFACTURE AND FIT 2-4 TONNE TIPPER BODY:', 'MANUFACTURE AND FIT 2-4 TONNE TIPPER BODY:', NULL, NULL, NULL, 1, TRUE)
ON CONFLICT (code) DO NOTHING;
INSERT INTO job_code_templates (code, base_code, customer_id, body_type_id, job_type_id, name, description, body_size_mm, chassis_class, variant_suffix, current_version, is_active)
VALUES ('TP42F-S300', NULL, NULL, 2, 1, 'TP42F-S300 — MANUFACTURE AND FIT 5-7 TONNE TIPPER BODY, (USE STD. 300MM SIGNRACK)', 'MANUFACTURE AND FIT 5-7 TONNE TIPPER BODY, (USE STD. 300MM SIGNRACK)', NULL, NULL, 'S300', 1, TRUE)
ON CONFLICT (code) DO NOTHING;
INSERT INTO job_code_templates (code, base_code, customer_id, body_type_id, job_type_id, name, description, body_size_mm, chassis_class, variant_suffix, current_version, is_active)
VALUES ('TP42F-T600', NULL, NULL, 2, 1, 'TP42F-T600 — MANUFACTURE AND FIT 5-7 TONNE TIPPER BODY, (USE STD. 600MM TOOLBOX)', 'MANUFACTURE AND FIT 5-7 TONNE TIPPER BODY, (USE STD. 600MM TOOLBOX)', NULL, NULL, 'T600', 1, TRUE)
ON CONFLICT (code) DO NOTHING;
INSERT INTO job_code_templates (code, base_code, customer_id, body_type_id, job_type_id, name, description, body_size_mm, chassis_class, variant_suffix, current_version, is_active)
VALUES ('TP42F-T600S300', NULL, NULL, 2, 1, 'TP42F-T600S300 — MANUFACTURE AND FIT 5-7 TONNE TIPPER BODY, (USE STD. 600MM TOOLBOX, 300MM SIGNRA', 'MANUFACTURE AND FIT 5-7 TONNE TIPPER BODY, (USE STD. 600MM TOOLBOX, 300MM SIGNRACK)', NULL, NULL, 'T600S300', 1, TRUE)
ON CONFLICT (code) DO NOTHING;
-- (skipping TP42N — already in seed 002)
INSERT INTO job_code_templates (code, base_code, customer_id, body_type_id, job_type_id, name, description, body_size_mm, chassis_class, variant_suffix, current_version, is_active)
VALUES ('TP46F', NULL, NULL, 2, 1, 'TP46F — MANUFACTURE AND FIT 5-7 TONNE TIPPER BODY', 'MANUFACTURE AND FIT 5-7 TONNE TIPPER BODY', NULL, NULL, NULL, 1, TRUE)
ON CONFLICT (code) DO NOTHING;
INSERT INTO job_code_templates (code, base_code, customer_id, body_type_id, job_type_id, name, description, body_size_mm, chassis_class, variant_suffix, current_version, is_active)
VALUES ('TP48F', NULL, NULL, 2, 1, 'TP48F — MANUFACTURE C/S TIPPER: 4800MM X 2480MM X 800MM (H) FIXED SIDES', 'MANUFACTURE C/S TIPPER: 4800MM X 2480MM X 800MM (H) FIXED SIDES', NULL, NULL, NULL, 1, TRUE)
ON CONFLICT (code) DO NOTHING;
INSERT INTO job_code_templates (code, base_code, customer_id, body_type_id, job_type_id, name, description, body_size_mm, chassis_class, variant_suffix, current_version, is_active)
VALUES ('TP51F', NULL, NULL, 2, 1, 'TP51F — MANUFACTURE C/S TIPPER: 5100MM X 2480MM X 1000MM (H) FIXED SIDES', 'MANUFACTURE C/S TIPPER: 5100MM X 2480MM X 1000MM (H) FIXED SIDES', NULL, NULL, NULL, 1, TRUE)
ON CONFLICT (code) DO NOTHING;
INSERT INTO job_code_templates (code, base_code, customer_id, body_type_id, job_type_id, name, description, body_size_mm, chassis_class, variant_suffix, current_version, is_active)
VALUES ('TP55F', NULL, NULL, 2, 1, 'TP55F — MANUFACTURE C/S TIPPER: 5500MM X 2480MM X 1200MM (H) FIXED SIDES', 'MANUFACTURE C/S TIPPER: 5500MM X 2480MM X 1200MM (H) FIXED SIDES', NULL, NULL, NULL, 1, TRUE)
ON CONFLICT (code) DO NOTHING;
INSERT INTO job_code_templates (code, base_code, customer_id, body_type_id, job_type_id, name, description, body_size_mm, chassis_class, variant_suffix, current_version, is_active)
VALUES ('TP66F', NULL, NULL, 2, 1, 'TP66F — MANUFACTURE C/S TIPPER: 6600MM X 2480MM X 1200MM (H) FIXED SIDES', 'MANUFACTURE C/S TIPPER: 6600MM X 2480MM X 1200MM (H) FIXED SIDES', NULL, NULL, NULL, 1, TRUE)
ON CONFLICT (code) DO NOTHING;
INSERT INTO job_code_templates (code, base_code, customer_id, body_type_id, job_type_id, name, description, body_size_mm, chassis_class, variant_suffix, current_version, is_active)
VALUES ('TR45F', NULL, NULL, 1, 1, 'TR45F — MANUFACTURE AND FIT ONE 6 PALLET TRAYTOP BODY INC:', 'MANUFACTURE AND FIT ONE 6 PALLET TRAYTOP BODY INC:', NULL, NULL, NULL, 1, TRUE)
ON CONFLICT (code) DO NOTHING;
INSERT INTO job_code_templates (code, base_code, customer_id, body_type_id, job_type_id, name, description, body_size_mm, chassis_class, variant_suffix, current_version, is_active)
VALUES ('TR45N', NULL, NULL, 1, 1, 'TR45N — MANUFACTURE AND FIT ONE 6 PALLET TRAYTOP BODY INC:', 'MANUFACTURE AND FIT ONE 6 PALLET TRAYTOP BODY INC:', NULL, NULL, NULL, 1, TRUE)
ON CONFLICT (code) DO NOTHING;
INSERT INTO job_code_templates (code, base_code, customer_id, body_type_id, job_type_id, name, description, body_size_mm, chassis_class, variant_suffix, current_version, is_active)
VALUES ('TR56N', NULL, NULL, 1, 1, 'TR56N — MANUFACTURE AND FIT ONE 8 PALLET TRAYTOP BODY INC:', 'MANUFACTURE AND FIT ONE 8 PALLET TRAYTOP BODY INC:', NULL, NULL, NULL, 1, TRUE)
ON CONFLICT (code) DO NOTHING;
INSERT INTO job_code_templates (code, base_code, customer_id, body_type_id, job_type_id, name, description, body_size_mm, chassis_class, variant_suffix, current_version, is_active)
VALUES ('TR65F', NULL, NULL, 1, 1, 'TR65F — MANUFACTURE AND FIT ONE 10 PALLET TRAYTOP BODY INC:', 'MANUFACTURE AND FIT ONE 10 PALLET TRAYTOP BODY INC:', NULL, NULL, NULL, 1, TRUE)
ON CONFLICT (code) DO NOTHING;
INSERT INTO job_code_templates (code, base_code, customer_id, body_type_id, job_type_id, name, description, body_size_mm, chassis_class, variant_suffix, current_version, is_active)
VALUES ('TR75F', NULL, NULL, 1, 1, 'TR75F — MANUFACTURE AND FIT ONE 12 PALLET TRAYTOP BODY INC:', 'MANUFACTURE AND FIT ONE 12 PALLET TRAYTOP BODY INC:', NULL, NULL, NULL, 1, TRUE)
ON CONFLICT (code) DO NOTHING;
INSERT INTO job_code_templates (code, base_code, customer_id, body_type_id, job_type_id, name, description, body_size_mm, chassis_class, variant_suffix, current_version, is_active)
VALUES ('TR91F', NULL, NULL, 1, 1, 'TR91F — MANUFACTURE AND FIT ONE 14 PALLET TRAYTOP BODY INC:', 'MANUFACTURE AND FIT ONE 14 PALLET TRAYTOP BODY INC:', NULL, NULL, NULL, 1, TRUE)
ON CONFLICT (code) DO NOTHING;
INSERT INTO job_code_templates (code, base_code, customer_id, body_type_id, job_type_id, name, description, body_size_mm, chassis_class, variant_suffix, current_version, is_active)
VALUES ('TS71F', NULL, NULL, 6, 1, 'TS71F — MANUFACTURE AND FIT 2-4 TONNE TIPPER BODY:', 'MANUFACTURE AND FIT 2-4 TONNE TIPPER BODY:', NULL, NULL, NULL, 1, TRUE)
ON CONFLICT (code) DO NOTHING;
INSERT INTO job_code_templates (code, base_code, customer_id, body_type_id, job_type_id, name, description, body_size_mm, chassis_class, variant_suffix, current_version, is_active)
VALUES ('TT43N', NULL, NULL, 3, 1, 'TT43N — MANUFACTURE AND FIT ONE 6 PALLET TAUTLINER BODY:', 'MANUFACTURE AND FIT ONE 6 PALLET TAUTLINER BODY:', NULL, NULL, NULL, 1, TRUE)
ON CONFLICT (code) DO NOTHING;
INSERT INTO job_code_templates (code, base_code, customer_id, body_type_id, job_type_id, name, description, body_size_mm, chassis_class, variant_suffix, current_version, is_active)
VALUES ('TT56N', NULL, NULL, 3, 1, 'TT56N — MANUFACTURE AND FIT ONE 8 PALLET TAUTLINER BODY:', 'MANUFACTURE AND FIT ONE 8 PALLET TAUTLINER BODY:', NULL, NULL, NULL, 1, TRUE)
ON CONFLICT (code) DO NOTHING;
-- (skipping TT67F — already in seed 002)
INSERT INTO job_code_templates (code, base_code, customer_id, body_type_id, job_type_id, name, description, body_size_mm, chassis_class, variant_suffix, current_version, is_active)
VALUES ('TT80F', NULL, NULL, 3, 1, 'TT80F — MANUFACTURE AND FIT ONE 12 PALLET TAUTLINER BODY:', 'MANUFACTURE AND FIT ONE 12 PALLET TAUTLINER BODY:', NULL, NULL, NULL, 1, TRUE)
ON CONFLICT (code) DO NOTHING;
INSERT INTO job_code_templates (code, base_code, customer_id, body_type_id, job_type_id, name, description, body_size_mm, chassis_class, variant_suffix, current_version, is_active)
VALUES ('TT87F', NULL, NULL, 3, 1, 'TT87F — MANUFACTURE AND FIT ONE 14 PALLET TAUTLINER BODY:', 'MANUFACTURE AND FIT ONE 14 PALLET TAUTLINER BODY:', NULL, NULL, NULL, 1, TRUE)
ON CONFLICT (code) DO NOTHING;
INSERT INTO job_code_templates (code, base_code, customer_id, body_type_id, job_type_id, name, description, body_size_mm, chassis_class, variant_suffix, current_version, is_active)
VALUES ('TT91F', NULL, NULL, 3, 1, 'TT91F — MANUFACTURE AND FIT ONE 14 PALLET TAUTLINER BODY:', 'MANUFACTURE AND FIT ONE 14 PALLET TAUTLINER BODY:', NULL, NULL, NULL, 1, TRUE)
ON CONFLICT (code) DO NOTHING;
INSERT INTO job_code_templates (code, base_code, customer_id, body_type_id, job_type_id, name, description, body_size_mm, chassis_class, variant_suffix, current_version, is_active)
VALUES ('BGT-DP67F-SD', 'DP67F', (SELECT id FROM customers WHERE code = 'BGT'), 4, 1, 'BGT-DP67F-SD — MANUFACTURE AND FIT ONE 10 PALLET MONOPANEL RENTAL SPEC BODY AS PER SPECIFICATIO', 'MANUFACTURE AND FIT ONE 10 PALLET MONOPANEL RENTAL SPEC BODY AS PER SPECIFICATION INC EXTRAS:', NULL, NULL, 'SD', 1, TRUE)
ON CONFLICT (code) DO NOTHING;
-- (skipping DFE-TT67F — already in seed 002)
INSERT INTO job_code_templates (code, base_code, customer_id, body_type_id, job_type_id, name, description, body_size_mm, chassis_class, variant_suffix, current_version, is_active)
VALUES ('DP67F-SD', 'DP67F', NULL, 4, 1, 'DP67F-SD — MANUFACTURE AND FIT ONE 10 PALLET PANTECH BODY:', 'MANUFACTURE AND FIT ONE 10 PALLET PANTECH BODY:', NULL, NULL, 'SD', 1, TRUE)
ON CONFLICT (code) DO NOTHING;
INSERT INTO job_code_templates (code, base_code, customer_id, body_type_id, job_type_id, name, description, body_size_mm, chassis_class, variant_suffix, current_version, is_active)
VALUES ('IAL-TT91F', 'TT91F', (SELECT id FROM customers WHERE code = 'IAL'), 3, 1, 'IAL-TT91F — MANUFACTURE AND FIT ONE 14 PALLET TAUTLINER BODY:', 'MANUFACTURE AND FIT ONE 14 PALLET TAUTLINER BODY:', NULL, NULL, 'OLD_CHASSIS', 1, TRUE)
ON CONFLICT (code) DO NOTHING;
INSERT INTO job_code_templates (code, base_code, customer_id, body_type_id, job_type_id, name, description, body_size_mm, chassis_class, variant_suffix, current_version, is_active)
VALUES ('TP32N-T600', 'TP32N', NULL, 2, 1, 'TP32N-T600 — MANUFACTURE AND FIT 2-4 TONNE TIPPER BODY, (USE STD. 600MM TOOLBOX)', 'MANUFACTURE AND FIT 2-4 TONNE TIPPER BODY, (USE STD. 600MM TOOLBOX)', NULL, NULL, 'T600', 1, TRUE)
ON CONFLICT (code) DO NOTHING;
INSERT INTO job_code_templates (code, base_code, customer_id, body_type_id, job_type_id, name, description, body_size_mm, chassis_class, variant_suffix, current_version, is_active)
VALUES ('TP32N-T600S300', 'TP32N', NULL, 2, 1, 'TP32N-T600S300 — MANUFACTURE AND FIT 2-4 TONNE TIPPER BODY, (USE STD. 600MM TOOLBOX, 300MM SIGNRA', 'MANUFACTURE AND FIT 2-4 TONNE TIPPER BODY, (USE STD. 600MM TOOLBOX, 300MM SIGNRACK)', NULL, NULL, 'T600S300', 1, TRUE)
ON CONFLICT (code) DO NOTHING;
INSERT INTO job_code_templates (code, base_code, customer_id, body_type_id, job_type_id, name, description, body_size_mm, chassis_class, variant_suffix, current_version, is_active)
VALUES ('TP32N-T900', 'TP32N', NULL, 2, 1, 'TP32N-T900 — MANUFACTURE AND FIT 2-4 TONNE TIPPER BODY, (USE STD. 900MM TOOLBOX)', 'MANUFACTURE AND FIT 2-4 TONNE TIPPER BODY, (USE STD. 900MM TOOLBOX)', NULL, NULL, 'T900', 1, TRUE)
ON CONFLICT (code) DO NOTHING;
INSERT INTO job_code_templates (code, base_code, customer_id, body_type_id, job_type_id, name, description, body_size_mm, chassis_class, variant_suffix, current_version, is_active)
VALUES ('TP46F-T600', 'TP46F', NULL, 2, 1, 'TP46F-T600 — MANUFACTURE AND FIT 5-7 TONNE TIPPER BODY, (USE STD. 600MM TOOLBOX)', 'MANUFACTURE AND FIT 5-7 TONNE TIPPER BODY, (USE STD. 600MM TOOLBOX)', NULL, NULL, 'T600', 1, TRUE)
ON CONFLICT (code) DO NOTHING;
INSERT INTO job_code_templates (code, base_code, customer_id, body_type_id, job_type_id, name, description, body_size_mm, chassis_class, variant_suffix, current_version, is_active)
VALUES ('TP46F-T600S300', 'TP46F', NULL, 2, 1, 'TP46F-T600S300 — MANUFACTURE AND FIT 5-7 TONNE TIPPER BODY, (USE STD. 600MM TOOLBOX, 300MM SIGNRA', 'MANUFACTURE AND FIT 5-7 TONNE TIPPER BODY, (USE STD. 600MM TOOLBOX, 300MM SIGNRACK)', NULL, NULL, 'T600S300', 1, TRUE)
ON CONFLICT (code) DO NOTHING;
INSERT INTO job_code_templates (code, base_code, customer_id, body_type_id, job_type_id, name, description, body_size_mm, chassis_class, variant_suffix, current_version, is_active)
VALUES ('TR45F-D', 'TR45F', NULL, 1, 1, 'TR45F-D — MANUFACTURE AND FIT ONE 6 PALLET TRAYTOP BODY WITH DROPSIDES INC:', 'MANUFACTURE AND FIT ONE 6 PALLET TRAYTOP BODY WITH DROPSIDES INC:', NULL, NULL, 'D', 1, TRUE)
ON CONFLICT (code) DO NOTHING;
INSERT INTO job_code_templates (code, base_code, customer_id, body_type_id, job_type_id, name, description, body_size_mm, chassis_class, variant_suffix, current_version, is_active)
VALUES ('TR45N-D', 'TR45N', NULL, 1, 1, 'TR45N-D — MANUFACTURE AND FIT ONE 6 PALLET TRAYTOP BODY WITH DROPSIDES INC:', 'MANUFACTURE AND FIT ONE 6 PALLET TRAYTOP BODY WITH DROPSIDES INC:', NULL, NULL, 'D', 1, TRUE)
ON CONFLICT (code) DO NOTHING;
INSERT INTO job_code_templates (code, base_code, customer_id, body_type_id, job_type_id, name, description, body_size_mm, chassis_class, variant_suffix, current_version, is_active)
VALUES ('TR56N-D', 'TR56N', NULL, 1, 1, 'TR56N-D — MANUFACTURE AND FIT ONE 8 PALLET TRAYTOP BODY WITH DROPSIDES INC:', 'MANUFACTURE AND FIT ONE 8 PALLET TRAYTOP BODY WITH DROPSIDES INC:', NULL, NULL, 'D', 1, TRUE)
ON CONFLICT (code) DO NOTHING;

-- ── Versions (deterministic UUIDs based on code) ──
INSERT INTO template_versions (id, template_code, version_number, effective_from, total_estimated_hours, body_type) VALUES
  ('36286e1f-349d-b5bd-761e-316228685852', 'TR45N', 1, now(), 38.5, 'TR'),
  ('d086b586-1ff8-8adf-9b54-38f7aca66b5f', 'TR45N-D', 1, now(), 48.5, 'TR'),
  ('f73ecfd6-30c5-f1e1-624b-4237bd2087c8', 'TR56N', 1, now(), 40.25, 'TR'),
  ('1b2e99e1-befc-04b4-ef0a-5313470bc6c6', 'TR56N-D', 1, now(), 49.25, 'TR'),
  ('6f51b6ed-c491-523e-287a-6559ba2f6b89', 'TR45F', 1, now(), 39.0, 'TR'),
  ('20a14947-1cda-3651-f348-525a6819b8af', 'TR45F-D', 1, now(), 48.5, 'TR'),
  ('d9bc2207-8fc6-1b14-f250-214f35119963', 'TR65F', 1, now(), 40.5, 'TR'),
  ('bacc0dd9-551f-f8d3-2f9f-96c529875df3', 'TR75F', 1, now(), 40.75, 'TR'),
  ('5f970bfd-b625-d566-e899-3eb296dd66a3', 'TR91F', 1, now(), 43.0, 'TR'),
  ('21537e25-369a-ca2d-f210-8aa379240ad0', 'TP32N', 1, now(), 66.0, 'TP'),
  ('71aa12d1-8c1a-4464-7922-3f26c45105df', 'TP32N-T600', 1, now(), 67.5, 'TP'),
  ('004e3110-e095-68c8-b4f1-e0384dbd1ffa', 'TP32N-T600S300', 1, now(), 67.5, 'TP'),
  ('f3ddc8ac-f302-614a-a91b-ad2461cc03cc', 'TP32N-T900', 1, now(), 66.0, 'TP'),
  ('7433dea0-61fd-59e0-6491-4c2a74c3d6a1', 'TP40N', 1, now(), 66.0, 'TP'),
  ('66098136-46cd-3a1c-30f8-fc7fe78ef267', 'TP42F-S300', 1, now(), 66.0, 'TP'),
  ('d68f1f67-38b0-8b3a-afeb-28d38f02da2a', 'TP42F-T600', 1, now(), 66.0, 'TP'),
  ('d9223e72-ab0c-b5e8-a72c-1b363b2b93eb', 'TP42F-T600S300', 1, now(), 66.0, 'TP'),
  ('33765920-78ce-9b25-4115-ae3d70e55329', 'TP46F', 1, now(), 66.0, 'TP'),
  ('63d0ae3d-c9d2-aea4-205a-ce01865ef5df', 'TP46F-T600', 1, now(), 66.0, 'TP'),
  ('7db918fe-5f23-bb72-5fe8-1250f79f3112', 'TP46F-T600S300', 1, now(), 66.0, 'TP'),
  ('f6671287-c12e-238a-a05a-e682aa780045', 'TP48F', 1, now(), 64.0, 'TP'),
  ('ea8027b7-373b-554d-5cd5-d49d8eaa61ce', 'TP51F', 1, now(), 64.0, 'TP'),
  ('d89a313d-5c5e-0338-18b1-f036b3b7b425', 'TP55F', 1, now(), 64.0, 'TP'),
  ('51aa5f12-7a4e-b63a-dccb-b3987fc3fa30', 'TP66F', 1, now(), 64.0, 'TP'),
  ('d299fdab-8fdd-1759-c162-e56741580713', 'CH29N', 1, now(), 85.5, 'CH'),
  ('94a1c80a-9222-55c5-6474-c138f5d1c6fa', 'CH38F', 1, now(), 85.5, 'CH'),
  ('3d5b763b-5a7a-b20b-f8a9-6fabf7bde383', 'DP43N', 1, now(), 69.5, 'DP'),
  ('f5dc27a9-8227-31bd-1b58-a41770e70fda', 'BGT-DP42N', 1, now(), 72.5, 'DP'),
  ('2bfb5b27-4ec1-fc38-41df-8f66aeee1355', 'IAL-VP42N', 1, now(), 69.5, 'VP'),
  ('a370520f-5430-1073-6b89-7a4f0d31ff4f', 'DFE-DP42N', 1, now(), 59.0, 'DP'),
  ('527a9185-23fb-1964-9bce-0aafa2455600', 'DP67F-SD', 1, now(), 81.0, 'DP'),
  ('9f63f02d-da12-d131-5136-d03ee2718dd0', 'DP67F', 1, now(), 79.0, 'DP'),
  ('7616b3c7-9da8-fd3e-892d-a3a5494c915e', 'BGT-DP67F-SD', 1, now(), 85.5, 'DP'),
  ('42c2d8c4-6ddf-9388-2ef7-cb444b977474', 'TT43N', 1, now(), 65.0, 'TT'),
  ('fd697a17-164f-5719-a8ad-b633df5c316e', 'TT56N', 1, now(), 65.0, 'TT'),
  ('e3efe622-a5b4-c771-6c54-ba785cbd3965', 'TT67F', 1, now(), 67.5, 'TT'),
  ('9e62253e-0335-c561-3a93-8844fcf41aff', 'TT80F', 1, now(), 67.5, 'TT'),
  ('008ad9cf-08f2-f597-cb74-498c3e698816', 'TT87F', 1, now(), 71.0, 'TT'),
  ('e837257a-180b-df34-71c0-31f40f526a2e', 'TT91F', 1, now(), 71.0, 'TT'),
  ('05645690-c28a-dbac-4091-9657ab46c803', 'IAL-TT91F', 1, now(), 87.0, 'TT'),
  ('cc4e1a21-569f-a407-0d19-62f47bce348a', 'IAL-TT89F', 1, now(), 87.0, 'TT'),
  ('902e6620-06b6-ea31-8dca-4a45a7980e40', 'IAL-TT55N', 1, now(), 87.0, 'TT'),
  ('a691925e-0768-9c57-c1a3-82a656a92e40', 'IAL-TT65FR', 1, now(), 86.0, 'TT'),
  ('953d4480-2172-a8c0-fd74-134ea29da33c', 'IAL-TT65FD', 1, now(), 86.0, 'TT'),
  ('a186e14e-de31-58a4-866f-1159ec418fef', 'DFE-TT52N', 1, now(), 75.5, 'TT'),
  ('d1b15f63-1776-ce6b-07d7-7768cfc30199', 'TS71F', 1, now(), 66.0, 'TS')
ON CONFLICT (template_code, version_number) DO NOTHING;

-- ── Template operations ──
-- TR45N (38.5 h, 13 ops)
INSERT INTO template_operations (id, template_version_id, sequence, operation_id, estimated_hours, flow_track, notes)
VALUES
  ('187711d5-ffa3-4013-e64d-06c01e63f745', '36286e1f-349d-b5bd-761e-316228685852', 1, (SELECT id FROM operation_catalog WHERE code = 'MAT_PROC_CNC'), 8.0, 'BODY', 'MATERIAL PROCESSING/CNC'),
  ('8b60738c-4c10-267d-6843-861715b9f9c3', '36286e1f-349d-b5bd-761e-316228685852', 2, (SELECT id FROM operation_catalog WHERE code = 'MFR_BASE'), 4.0, 'BODY', 'MANUFACTURE BASE'),
  ('115e7d71-7469-8712-2a8b-53da3b9a28b6', '36286e1f-349d-b5bd-761e-316228685852', 3, (SELECT id FROM operation_catalog WHERE code = 'MFR_HEADBOARD'), 2.5, 'BODY', 'MANUFACTURE HEADBOARD'),
  ('eb15b907-2297-5ed7-7473-1eddbb16e9e1', '36286e1f-349d-b5bd-761e-316228685852', 4, (SELECT id FROM operation_catalog WHERE code = 'TRAY_ASSY'), 8.0, 'BODY', 'TRAY ASSEMBLY OF HEADBOARD'),
  ('6c686d44-803a-6cbc-91fd-b19786c414f3', '36286e1f-349d-b5bd-761e-316228685852', 5, (SELECT id FROM operation_catalog WHERE code = 'BODY_FITOUT'), 1.5, 'BODY', 'BODY FITOUT'),
  ('177885b1-b3cb-ba88-07a7-5dc7791d6ad0', '36286e1f-349d-b5bd-761e-316228685852', 6, (SELECT id FROM operation_catalog WHERE code = 'CHASSIS_PREP_FLITCH'), 3.5, 'CHASSIS', 'TRAY FITMENT'),
  ('6f40561b-58e1-d462-404c-4441bf75be92', '36286e1f-349d-b5bd-761e-316228685852', 7, (SELECT id FROM operation_catalog WHERE code = 'FITMENT_INSTALL'), 2.0, 'BODY', 'TRAY INSTALL AND WELD DOWN; FIT PRE-MADE MUD GUARDS'),
  ('c9887bc3-2b1d-df97-c5d6-421190ffc79c', '36286e1f-349d-b5bd-761e-316228685852', 8, (SELECT id FROM operation_catalog WHERE code = 'WIRING_LIGHTS'), 0.5, 'BODY', 'TRAY WIRING OF CLEARANCE LIGHTS AND TAIL LIGHTS'),
  ('227026ca-b812-fbbf-5f6c-0df4440806e0', '36286e1f-349d-b5bd-761e-316228685852', 9, (SELECT id FROM operation_catalog WHERE code = 'BLUE_PLATE_QC'), 1.0, 'BODY', 'BLUE PLATE AND FINAL QC'),
  ('7dd75119-f1d3-3c13-c973-976898a25efc', '36286e1f-349d-b5bd-761e-316228685852', 10, (SELECT id FROM operation_catalog WHERE code = 'PAINT_PREP_RUB'), 3.0, 'BODY', 'PAINT PREP & RUBBING'),
  ('227e4ddf-21e4-58cf-c657-cdf2c5882927', '36286e1f-349d-b5bd-761e-316228685852', 11, (SELECT id FROM operation_catalog WHERE code = 'PAINT_PRIME_SEAL'), 2.0, 'BODY', 'PRIME, BLACK AND SEAL'),
  ('7bc04e50-3197-2de6-5cf7-11d76189718e', '36286e1f-349d-b5bd-761e-316228685852', 12, (SELECT id FROM operation_catalog WHERE code = 'PAINT_FINAL'), 2.0, 'BODY', 'FINAL PAINT'),
  ('6dde6670-a4c4-4338-35c6-e4799eb8f9b5', '36286e1f-349d-b5bd-761e-316228685852', 13, (SELECT id FROM operation_catalog WHERE code = 'PAINT_ROLL_FLOOR'), 0.5, 'BODY', 'ROLL FLOOR AND TOUCH UP')
ON CONFLICT (id) DO NOTHING;

-- TR45N-D (48.5 h, 14 ops)
INSERT INTO template_operations (id, template_version_id, sequence, operation_id, estimated_hours, flow_track, notes)
VALUES
  ('ef2d69f2-6386-94bc-aa45-fd0992b9b13c', 'd086b586-1ff8-8adf-9b54-38f7aca66b5f', 1, (SELECT id FROM operation_catalog WHERE code = 'MAT_PROC_CNC'), 8.0, 'BODY', 'MATERIAL PROCESSING/CNC'),
  ('02c3a53b-64bf-2f33-ecaf-550ca8644d51', 'd086b586-1ff8-8adf-9b54-38f7aca66b5f', 2, (SELECT id FROM operation_catalog WHERE code = 'MFR_BASE'), 4.0, 'BODY', 'MANUFACTURE BASE'),
  ('e99d9839-0216-9f67-ec72-f6974eff28dd', 'd086b586-1ff8-8adf-9b54-38f7aca66b5f', 3, (SELECT id FROM operation_catalog WHERE code = 'MFR_HEADBOARD'), 2.5, 'BODY', 'MANUFACTURE HEADBOARD'),
  ('094374f3-50f7-1af4-a403-786c65cdf192', 'd086b586-1ff8-8adf-9b54-38f7aca66b5f', 4, (SELECT id FROM operation_catalog WHERE code = 'MFR_DROPSIDES'), 5.0, 'BODY', 'MANUFACTURE 300MM DROPSIDES (4 QTY) + TAILGATE (1 QTY)'),
  ('c8ed077a-6599-9df5-c85c-cd097a33190f', 'd086b586-1ff8-8adf-9b54-38f7aca66b5f', 5, (SELECT id FROM operation_catalog WHERE code = 'TRAY_ASSY'), 8.0, 'BODY', 'TRAY ASSEMBLY OF HEADBOARD AND DROPSIDES'),
  ('8ae230a6-c010-58a1-691a-e4c142be8881', 'd086b586-1ff8-8adf-9b54-38f7aca66b5f', 6, (SELECT id FROM operation_catalog WHERE code = 'BODY_FITOUT'), 1.5, 'BODY', 'BODY FITOUT'),
  ('8bdb6eb7-3f09-daaf-bb31-979430c07e2d', 'd086b586-1ff8-8adf-9b54-38f7aca66b5f', 7, (SELECT id FROM operation_catalog WHERE code = 'CHASSIS_PREP_FLITCH'), 3.5, 'CHASSIS', 'CHASSIS PREP'),
  ('48c0865b-6c44-a0be-aae8-0a96d36678db', 'd086b586-1ff8-8adf-9b54-38f7aca66b5f', 8, (SELECT id FROM operation_catalog WHERE code = 'FITMENT_INSTALL'), 2.0, 'BODY', 'TRAY INSTALL AND WELD DOWN; FIT PRE-MADE MUD GUARDS'),
  ('a1592e66-ce20-92d9-717a-5ca77eb60930', 'd086b586-1ff8-8adf-9b54-38f7aca66b5f', 9, (SELECT id FROM operation_catalog WHERE code = 'WIRING_LIGHTS'), 0.5, 'BODY', 'TRAY WIRING OF CLEARANCE LIGHTS AND TAIL LIGHTS'),
  ('d0687a44-4af2-efa3-affb-8393d765d8f5', 'd086b586-1ff8-8adf-9b54-38f7aca66b5f', 10, (SELECT id FROM operation_catalog WHERE code = 'BLUE_PLATE_QC'), 1.0, 'BODY', 'BLUE PLATE AND FINAL QC'),
  ('5cd528aa-fe96-ab83-7fd7-28bbcd3c5778', 'd086b586-1ff8-8adf-9b54-38f7aca66b5f', 11, (SELECT id FROM operation_catalog WHERE code = 'PAINT_PREP_RUB'), 5.0, 'BODY', 'PAINT PREP & RUBBING'),
  ('f1ee6175-24de-4e51-b7e6-165c3dd9189d', 'd086b586-1ff8-8adf-9b54-38f7aca66b5f', 12, (SELECT id FROM operation_catalog WHERE code = 'PAINT_PRIME_SEAL'), 4.0, 'BODY', 'PRIME, BLACK AND SEAL'),
  ('979808c8-d2da-0ce5-c051-fcca6880ca82', 'd086b586-1ff8-8adf-9b54-38f7aca66b5f', 13, (SELECT id FROM operation_catalog WHERE code = 'PAINT_FINAL'), 3.0, 'BODY', 'FINAL PAINT'),
  ('b4bbd7aa-1710-fdbb-ea05-819860dd75f1', 'd086b586-1ff8-8adf-9b54-38f7aca66b5f', 14, (SELECT id FROM operation_catalog WHERE code = 'PAINT_ROLL_FLOOR'), 0.5, 'BODY', 'ROLL FLOOR AND TOUCH UP')
ON CONFLICT (id) DO NOTHING;

-- TR56N (40.25 h, 13 ops)
INSERT INTO template_operations (id, template_version_id, sequence, operation_id, estimated_hours, flow_track, notes)
VALUES
  ('46ba0729-5e2b-54ad-d7f8-42b3a6334847', 'f73ecfd6-30c5-f1e1-624b-4237bd2087c8', 1, (SELECT id FROM operation_catalog WHERE code = 'MAT_PROC_CNC'), 8.0, 'BODY', 'MATERIAL PROCESSING/CNC'),
  ('17fef78b-63fd-5442-adc1-511c87a73791', 'f73ecfd6-30c5-f1e1-624b-4237bd2087c8', 2, (SELECT id FROM operation_catalog WHERE code = 'MFR_BASE'), 5.0, 'BODY', 'MANUFACTURE BASE'),
  ('84b2159d-0e2e-8fe9-225c-2128d02ad647', 'f73ecfd6-30c5-f1e1-624b-4237bd2087c8', 3, (SELECT id FROM operation_catalog WHERE code = 'MFR_HEADBOARD'), 2.5, 'BODY', 'MANUFACTURE HEADBOARD'),
  ('0d43fc08-76d9-718c-6325-771852f846d7', 'f73ecfd6-30c5-f1e1-624b-4237bd2087c8', 4, (SELECT id FROM operation_catalog WHERE code = 'TRAY_ASSY'), 8.0, 'BODY', 'TRAY ASSEMBLY OF HEADBOARD'),
  ('9cb70b6a-28d4-cd44-c524-d0d61d89705a', 'f73ecfd6-30c5-f1e1-624b-4237bd2087c8', 5, (SELECT id FROM operation_catalog WHERE code = 'BODY_FITOUT'), 1.5, 'BODY', 'BODY FITOUT'),
  ('19a6526d-45ec-3cad-73cb-32ff5ac613ee', 'f73ecfd6-30c5-f1e1-624b-4237bd2087c8', 6, (SELECT id FROM operation_catalog WHERE code = 'CHASSIS_PREP_FLITCH'), 4.0, 'CHASSIS', 'TRAY FITMENT'),
  ('2d93d6aa-a3e8-46e5-d4b4-ab8300c563c5', 'f73ecfd6-30c5-f1e1-624b-4237bd2087c8', 7, (SELECT id FROM operation_catalog WHERE code = 'FITMENT_INSTALL'), 2.25, 'BODY', 'TRAY INSTALL AND WELD DOWN; FIT PRE-MADE MUD GUARDS'),
  ('acee0b4b-a23b-32d0-9053-ee37603fecaf', 'f73ecfd6-30c5-f1e1-624b-4237bd2087c8', 8, (SELECT id FROM operation_catalog WHERE code = 'WIRING_LIGHTS'), 0.5, 'BODY', 'TRAY WIRING OF CLEARANCE LIGHTS AND TAIL LIGHTS'),
  ('5efa5ed5-06be-f5ec-9490-da2368ac7d37', 'f73ecfd6-30c5-f1e1-624b-4237bd2087c8', 9, (SELECT id FROM operation_catalog WHERE code = 'BLUE_PLATE_QC'), 1.0, 'BODY', 'BLUE PLATE AND FINAL QC'),
  ('cd266469-8306-e47f-b047-c52fbec8aa29', 'f73ecfd6-30c5-f1e1-624b-4237bd2087c8', 10, (SELECT id FROM operation_catalog WHERE code = 'PAINT_PREP_RUB'), 3.0, 'BODY', 'PAINT PREP & RUBBING'),
  ('f9d97171-8952-b8d2-2cee-c971a86c44bc', 'f73ecfd6-30c5-f1e1-624b-4237bd2087c8', 11, (SELECT id FROM operation_catalog WHERE code = 'PAINT_PRIME_SEAL'), 2.0, 'BODY', 'PRIME, BLACK AND SEAL'),
  ('a37e3b29-3ebd-1148-3059-969f057b94e0', 'f73ecfd6-30c5-f1e1-624b-4237bd2087c8', 12, (SELECT id FROM operation_catalog WHERE code = 'PAINT_FINAL'), 2.0, 'BODY', 'FINAL PAINT'),
  ('f87d2a43-fe38-9602-aa52-9873d5613062', 'f73ecfd6-30c5-f1e1-624b-4237bd2087c8', 13, (SELECT id FROM operation_catalog WHERE code = 'PAINT_ROLL_FLOOR'), 0.5, 'BODY', 'ROLL FLOOR AND TOUCH UP')
ON CONFLICT (id) DO NOTHING;

-- TR56N-D (49.25 h, 14 ops)
INSERT INTO template_operations (id, template_version_id, sequence, operation_id, estimated_hours, flow_track, notes)
VALUES
  ('74ab4a82-9359-368f-1fcf-85940d93533d', '1b2e99e1-befc-04b4-ef0a-5313470bc6c6', 1, (SELECT id FROM operation_catalog WHERE code = 'MAT_PROC_CNC'), 8.0, 'BODY', 'MATERIAL PROCESSING/CNC'),
  ('84233fce-7004-85c9-e417-1480b74be8ff', '1b2e99e1-befc-04b4-ef0a-5313470bc6c6', 2, (SELECT id FROM operation_catalog WHERE code = 'MFR_BASE'), 4.0, 'BODY', 'MANUFACTURE BASE'),
  ('acdb6d9d-c315-e206-995a-899442611e58', '1b2e99e1-befc-04b4-ef0a-5313470bc6c6', 3, (SELECT id FROM operation_catalog WHERE code = 'MFR_HEADBOARD'), 2.5, 'BODY', 'MANUFACTURE HEADBOARD'),
  ('0fda23fc-6330-2c5d-144e-160d2070fe9f', '1b2e99e1-befc-04b4-ef0a-5313470bc6c6', 4, (SELECT id FROM operation_catalog WHERE code = 'MFR_DROPSIDES'), 5.0, 'BODY', 'MANUFACTURE 300MM DROPSIDES (4 QTY) + TAILGATE (1 QTY)'),
  ('dbfa3693-c3fe-7a25-a19b-cecb5c59aabb', '1b2e99e1-befc-04b4-ef0a-5313470bc6c6', 5, (SELECT id FROM operation_catalog WHERE code = 'TRAY_ASSY'), 8.0, 'BODY', 'TRAY ASSEMBLY OF HEADBOARD AND DROPSIDES'),
  ('2ea8562b-ba23-ecf3-164c-cda98bd0ecc5', '1b2e99e1-befc-04b4-ef0a-5313470bc6c6', 6, (SELECT id FROM operation_catalog WHERE code = 'BODY_FITOUT'), 1.5, 'BODY', 'BODY FITOUT'),
  ('cd610e80-799b-1ccf-9141-84d4842e0a2d', '1b2e99e1-befc-04b4-ef0a-5313470bc6c6', 7, (SELECT id FROM operation_catalog WHERE code = 'CHASSIS_PREP_FLITCH'), 4.0, 'CHASSIS', 'TRAY FITMENT'),
  ('d1fb2e38-6552-e30d-6dd8-b1d5930adbf0', '1b2e99e1-befc-04b4-ef0a-5313470bc6c6', 8, (SELECT id FROM operation_catalog WHERE code = 'FITMENT_INSTALL'), 2.25, 'BODY', 'TRAY INSTALL AND WELD DOWN; FIT PRE-MADE MUD GUARDS'),
  ('6b5b2260-0d5e-3ffe-d52e-5c49c587b8a5', '1b2e99e1-befc-04b4-ef0a-5313470bc6c6', 9, (SELECT id FROM operation_catalog WHERE code = 'WIRING_LIGHTS'), 0.5, 'BODY', 'TRAY WIRING OF CLEARANCE LIGHTS AND TAIL LIGHTS'),
  ('3ad007b5-2fe9-4532-2354-c667299fc1f1', '1b2e99e1-befc-04b4-ef0a-5313470bc6c6', 10, (SELECT id FROM operation_catalog WHERE code = 'BLUE_PLATE_QC'), 1.0, 'BODY', 'BLUE PLATE AND FINAL QC'),
  ('c695903c-68aa-ea59-e4de-78b05e30b697', '1b2e99e1-befc-04b4-ef0a-5313470bc6c6', 11, (SELECT id FROM operation_catalog WHERE code = 'PAINT_PREP_RUB'), 5.0, 'BODY', 'PAINT PREP & RUBBING'),
  ('ac716cef-69e1-8610-148b-6107840c4a0a', '1b2e99e1-befc-04b4-ef0a-5313470bc6c6', 12, (SELECT id FROM operation_catalog WHERE code = 'PAINT_PRIME_SEAL'), 4.0, 'BODY', 'PRIME, BLACK AND SEAL'),
  ('ca21e61e-e502-c0b2-5110-b3f130333f0b', '1b2e99e1-befc-04b4-ef0a-5313470bc6c6', 13, (SELECT id FROM operation_catalog WHERE code = 'PAINT_FINAL'), 3.0, 'BODY', 'FINAL PAINT'),
  ('e267c23b-b773-7d7e-0a4a-09ae394eebb5', '1b2e99e1-befc-04b4-ef0a-5313470bc6c6', 14, (SELECT id FROM operation_catalog WHERE code = 'PAINT_ROLL_FLOOR'), 0.5, 'BODY', 'ROLL FLOOR AND TOUCH UP')
ON CONFLICT (id) DO NOTHING;

-- TR45F (39.0 h, 13 ops)
INSERT INTO template_operations (id, template_version_id, sequence, operation_id, estimated_hours, flow_track, notes)
VALUES
  ('951c19d5-794c-4dba-10a8-c6a6c12ee911', '6f51b6ed-c491-523e-287a-6559ba2f6b89', 1, (SELECT id FROM operation_catalog WHERE code = 'MAT_PROC_CNC'), 8.0, 'BODY', 'MATERIAL PROCESSING/CNC'),
  ('d722fd7d-dfed-ae06-9e5a-e48fc340edcd', '6f51b6ed-c491-523e-287a-6559ba2f6b89', 2, (SELECT id FROM operation_catalog WHERE code = 'MFR_BASE'), 4.0, 'BODY', 'MANUFACTURE BASE'),
  ('2deb8b19-eef9-f539-1f0a-4df586dff8dd', '6f51b6ed-c491-523e-287a-6559ba2f6b89', 3, (SELECT id FROM operation_catalog WHERE code = 'MFR_HEADBOARD'), 2.5, 'BODY', 'MANUFACTURE HEADBOARD'),
  ('4f8c6e2e-9958-d253-3d79-9ba2fee18808', '6f51b6ed-c491-523e-287a-6559ba2f6b89', 4, (SELECT id FROM operation_catalog WHERE code = 'TRAY_ASSY'), 8.0, 'BODY', 'TRAY ASSEMBLY OF HEADBOARD'),
  ('04145c64-b845-8430-c6ed-d6a514647a27', '6f51b6ed-c491-523e-287a-6559ba2f6b89', 5, (SELECT id FROM operation_catalog WHERE code = 'BODY_FITOUT'), 1.5, 'BODY', 'BODY FITOUT'),
  ('efc060fe-f077-61c4-4556-3335b44ddf32', '6f51b6ed-c491-523e-287a-6559ba2f6b89', 6, (SELECT id FROM operation_catalog WHERE code = 'CHASSIS_PREP_FLITCH'), 3.5, 'CHASSIS', 'CHASSIS PREP'),
  ('d624abab-1d5e-5b0e-cf83-be7dcf0e111e', '6f51b6ed-c491-523e-287a-6559ba2f6b89', 7, (SELECT id FROM operation_catalog WHERE code = 'FITMENT_INSTALL'), 2.0, 'BODY', 'TRAY INSTALL AND WELD DOWN; FIT PRE-MADE MUD GUARDS'),
  ('29541bbd-d524-393a-466f-13d104c42b0b', '6f51b6ed-c491-523e-287a-6559ba2f6b89', 8, (SELECT id FROM operation_catalog WHERE code = 'WIRING_LIGHTS'), 0.5, 'BODY', 'TRAY WIRING OF CLEARANCE LIGHTS AND TAIL LIGHTS'),
  ('edf9bddb-80d6-39d5-589e-c609f3c90e7b', '6f51b6ed-c491-523e-287a-6559ba2f6b89', 9, (SELECT id FROM operation_catalog WHERE code = 'BLUE_PLATE_QC'), 1.0, 'BODY', 'BLUE PLATE AND FINAL QC'),
  ('6b3b68a5-a43b-b453-d08b-b3cb05dfd771', '6f51b6ed-c491-523e-287a-6559ba2f6b89', 10, (SELECT id FROM operation_catalog WHERE code = 'PAINT_PREP_RUB'), 3.5, 'BODY', 'PAINT PREP & RUBBING'),
  ('fbbae772-570d-ff48-0ef2-05bb8424bfc0', '6f51b6ed-c491-523e-287a-6559ba2f6b89', 11, (SELECT id FROM operation_catalog WHERE code = 'PAINT_PRIME_SEAL'), 2.0, 'BODY', 'PRIME, BLACK AND SEAL'),
  ('c28c9e6f-9de3-4b56-e859-8dc6f1d4d752', '6f51b6ed-c491-523e-287a-6559ba2f6b89', 12, (SELECT id FROM operation_catalog WHERE code = 'PAINT_FINAL'), 2.0, 'BODY', 'FINAL PAINT'),
  ('7f0604ce-ab5d-59fb-8cb9-623a6968e6b8', '6f51b6ed-c491-523e-287a-6559ba2f6b89', 13, (SELECT id FROM operation_catalog WHERE code = 'PAINT_ROLL_FLOOR'), 0.5, 'BODY', 'ROLL FLOOR AND TOUCH UP')
ON CONFLICT (id) DO NOTHING;

-- TR45F-D (48.5 h, 14 ops)
INSERT INTO template_operations (id, template_version_id, sequence, operation_id, estimated_hours, flow_track, notes)
VALUES
  ('f0cc5049-db3b-8003-a591-e4028358baf7', '20a14947-1cda-3651-f348-525a6819b8af', 1, (SELECT id FROM operation_catalog WHERE code = 'MAT_PROC_CNC'), 8.0, 'BODY', 'MATERIAL PROCESSING/CNC'),
  ('1e2f4de1-5c20-6195-a384-170beaa6eae4', '20a14947-1cda-3651-f348-525a6819b8af', 2, (SELECT id FROM operation_catalog WHERE code = 'MFR_BASE'), 4.0, 'BODY', 'MANUFACTURE BASE'),
  ('f6381d83-95e3-04e7-13fc-d5652db034dd', '20a14947-1cda-3651-f348-525a6819b8af', 3, (SELECT id FROM operation_catalog WHERE code = 'MFR_HEADBOARD'), 2.5, 'BODY', 'MANUFACTURE HEADBOARD'),
  ('5d39cc36-5e24-efa7-11e8-328fde1b1669', '20a14947-1cda-3651-f348-525a6819b8af', 4, (SELECT id FROM operation_catalog WHERE code = 'MFR_DROPSIDES'), 5.0, 'BODY', 'MANUFACTURE 300MM DROPSIDES (4 QTY) + TAILGATE (1 QTY)'),
  ('9431c992-8bca-b22b-216c-61bb0549e7f1', '20a14947-1cda-3651-f348-525a6819b8af', 5, (SELECT id FROM operation_catalog WHERE code = 'TRAY_ASSY'), 8.0, 'BODY', 'TRAY ASSEMBLY OF HEADBOARD AND DROPSIDES'),
  ('e93b332f-b847-99f3-b58b-385294abf237', '20a14947-1cda-3651-f348-525a6819b8af', 6, (SELECT id FROM operation_catalog WHERE code = 'BODY_FITOUT'), 1.5, 'BODY', 'BODY FITOUT'),
  ('d1e73292-cb46-04e8-c5a0-4476eef10864', '20a14947-1cda-3651-f348-525a6819b8af', 7, (SELECT id FROM operation_catalog WHERE code = 'CHASSIS_PREP_FLITCH'), 3.5, 'CHASSIS', 'CHASSIS PREP'),
  ('13b332d4-6283-a798-ef51-5a4ffe189701', '20a14947-1cda-3651-f348-525a6819b8af', 8, (SELECT id FROM operation_catalog WHERE code = 'FITMENT_INSTALL'), 2.0, 'BODY', 'TRAY INSTALL AND WELD DOWN; FIT PRE-MADE MUD GUARDS'),
  ('74910132-303d-7727-240a-3c2616d161c7', '20a14947-1cda-3651-f348-525a6819b8af', 9, (SELECT id FROM operation_catalog WHERE code = 'WIRING_LIGHTS'), 0.5, 'BODY', 'TRAY WIRING OF CLEARANCE LIGHTS AND TAIL LIGHTS'),
  ('d6d4a6c6-fea5-b556-2ff3-45fb100ebd44', '20a14947-1cda-3651-f348-525a6819b8af', 10, (SELECT id FROM operation_catalog WHERE code = 'BLUE_PLATE_QC'), 1.0, 'BODY', 'BLUE PLATE AND FINAL QC'),
  ('d59bb663-3260-b68e-b8bd-d3fdda617ec1', '20a14947-1cda-3651-f348-525a6819b8af', 11, (SELECT id FROM operation_catalog WHERE code = 'PAINT_PREP_RUB'), 5.0, 'BODY', 'PAINT PREP & RUBBING'),
  ('e79f0bf0-cf97-9ea3-eb37-a924e7b199a7', '20a14947-1cda-3651-f348-525a6819b8af', 12, (SELECT id FROM operation_catalog WHERE code = 'PAINT_PRIME_SEAL'), 4.0, 'BODY', 'PRIME, BLACK AND SEAL'),
  ('5e3e5e93-73aa-451b-0373-391d553c7aac', '20a14947-1cda-3651-f348-525a6819b8af', 13, (SELECT id FROM operation_catalog WHERE code = 'PAINT_FINAL'), 3.0, 'BODY', 'FINAL PAINT'),
  ('78dcb279-10b4-0e1c-efb8-c4549ab24284', '20a14947-1cda-3651-f348-525a6819b8af', 14, (SELECT id FROM operation_catalog WHERE code = 'PAINT_ROLL_FLOOR'), 0.5, 'BODY', 'ROLL FLOOR AND TOUCH UP')
ON CONFLICT (id) DO NOTHING;

-- TR65F (40.5 h, 13 ops)
INSERT INTO template_operations (id, template_version_id, sequence, operation_id, estimated_hours, flow_track, notes)
VALUES
  ('c6046744-c641-19d9-1325-855eaa908edd', 'd9bc2207-8fc6-1b14-f250-214f35119963', 1, (SELECT id FROM operation_catalog WHERE code = 'MAT_PROC_CNC'), 8.0, 'BODY', 'MATERIAL PROCESSING/CNC'),
  ('4cdfbc09-a831-5729-3d69-6fd686d43418', 'd9bc2207-8fc6-1b14-f250-214f35119963', 2, (SELECT id FROM operation_catalog WHERE code = 'MFR_BASE'), 4.0, 'BODY', 'MANUFACTURE BASE'),
  ('d73ff46a-dc4e-f2fb-dc54-9d17e5b713c4', 'd9bc2207-8fc6-1b14-f250-214f35119963', 3, (SELECT id FROM operation_catalog WHERE code = 'MFR_HEADBOARD'), 2.5, 'BODY', 'MANUFACTURE HEADBOARD'),
  ('6bc38151-a81e-3bb0-1ae2-2a22a874a672', 'd9bc2207-8fc6-1b14-f250-214f35119963', 4, (SELECT id FROM operation_catalog WHERE code = 'TRAY_ASSY'), 8.0, 'BODY', 'TRAY ASSEMBLY OF HEADBOARD'),
  ('9e3e354b-99f3-2c9a-c4c9-9cc633f2b6fd', 'd9bc2207-8fc6-1b14-f250-214f35119963', 5, (SELECT id FROM operation_catalog WHERE code = 'BODY_FITOUT'), 1.5, 'BODY', 'BODY FITOUT'),
  ('7f6d0f55-e1ce-009a-95a8-4ff4f71e42d5', 'd9bc2207-8fc6-1b14-f250-214f35119963', 6, (SELECT id FROM operation_catalog WHERE code = 'CHASSIS_PREP_FLITCH'), 4.5, 'CHASSIS', 'CHASSIS PREP'),
  ('035cef78-1396-8e89-5785-da6002b432c9', 'd9bc2207-8fc6-1b14-f250-214f35119963', 7, (SELECT id FROM operation_catalog WHERE code = 'FITMENT_INSTALL'), 2.5, 'BODY', 'TRAY INSTALL AND WELD DOWN; FIT PRE-MADE MUD GUARDS'),
  ('73609ad5-6d9a-f36c-df23-69d5d20864a7', 'd9bc2207-8fc6-1b14-f250-214f35119963', 8, (SELECT id FROM operation_catalog WHERE code = 'WIRING_LIGHTS'), 0.5, 'BODY', 'TRAY WIRING OF CLEARANCE LIGHTS AND TAIL LIGHTS'),
  ('1e082134-aae9-e59e-79ea-1e030d645879', 'd9bc2207-8fc6-1b14-f250-214f35119963', 9, (SELECT id FROM operation_catalog WHERE code = 'BLUE_PLATE_QC'), 1.0, 'BODY', 'BLUE PLATE AND FINAL QC'),
  ('3e5ae916-2ac8-8dba-140b-da7d0c9ce02a', 'd9bc2207-8fc6-1b14-f250-214f35119963', 10, (SELECT id FROM operation_catalog WHERE code = 'PAINT_PREP_RUB'), 3.5, 'BODY', 'PAINT PREP & RUBBING'),
  ('fd13c1ab-6f2e-c9a0-44b0-f9ec80f883e5', 'd9bc2207-8fc6-1b14-f250-214f35119963', 11, (SELECT id FROM operation_catalog WHERE code = 'PAINT_PRIME_SEAL'), 2.0, 'BODY', 'PRIME, BLACK AND SEAL'),
  ('326521be-50ae-da75-82fd-a81066ff22c0', 'd9bc2207-8fc6-1b14-f250-214f35119963', 12, (SELECT id FROM operation_catalog WHERE code = 'PAINT_FINAL'), 2.0, 'BODY', 'FINAL PAINT'),
  ('dc37f3fe-8f40-604c-6259-df0387b841f2', 'd9bc2207-8fc6-1b14-f250-214f35119963', 13, (SELECT id FROM operation_catalog WHERE code = 'PAINT_ROLL_FLOOR'), 0.5, 'BODY', 'ROLL FLOOR AND TOUCH UP')
ON CONFLICT (id) DO NOTHING;

-- TR75F (40.75 h, 13 ops)
INSERT INTO template_operations (id, template_version_id, sequence, operation_id, estimated_hours, flow_track, notes)
VALUES
  ('498d8d76-daef-f71b-8c7f-00ed4ca42140', 'bacc0dd9-551f-f8d3-2f9f-96c529875df3', 1, (SELECT id FROM operation_catalog WHERE code = 'MAT_PROC_CNC'), 8.0, 'BODY', 'MATERIAL PROCESSING/CNC'),
  ('344f5197-acf5-4c19-64d4-bf5d45fca749', 'bacc0dd9-551f-f8d3-2f9f-96c529875df3', 2, (SELECT id FROM operation_catalog WHERE code = 'MFR_BASE'), 4.0, 'BODY', 'MANUFACTURE BASE'),
  ('37b08271-e206-8ee7-9330-247a477fbf3b', 'bacc0dd9-551f-f8d3-2f9f-96c529875df3', 3, (SELECT id FROM operation_catalog WHERE code = 'MFR_HEADBOARD'), 2.5, 'BODY', 'MANUFACTURE HEADBOARD'),
  ('d1e239e3-9b36-4876-169d-0a995067952f', 'bacc0dd9-551f-f8d3-2f9f-96c529875df3', 4, (SELECT id FROM operation_catalog WHERE code = 'TRAY_ASSY'), 8.0, 'BODY', 'TRAY ASSEMBLY OF HEADBOARD'),
  ('6c7e94eb-c82f-2d69-c0c0-34e084d22ffb', 'bacc0dd9-551f-f8d3-2f9f-96c529875df3', 5, (SELECT id FROM operation_catalog WHERE code = 'BODY_FITOUT'), 1.5, 'BODY', 'BODY FITOUT'),
  ('6401f1b3-efe4-27e7-b2e2-8a6ed7d3eff8', 'bacc0dd9-551f-f8d3-2f9f-96c529875df3', 6, (SELECT id FROM operation_catalog WHERE code = 'CHASSIS_PREP_FLITCH'), 4.5, 'CHASSIS', 'CHASSIS PREP'),
  ('18e98886-d846-825d-41c3-e40a669b8781', 'bacc0dd9-551f-f8d3-2f9f-96c529875df3', 7, (SELECT id FROM operation_catalog WHERE code = 'FITMENT_INSTALL'), 2.75, 'BODY', 'TRAY INSTALL AND WELD DOWN; FIT PRE-MADE MUD GUARDS'),
  ('d2a3e7c0-cd62-3cb3-c76f-d253e264ffbc', 'bacc0dd9-551f-f8d3-2f9f-96c529875df3', 8, (SELECT id FROM operation_catalog WHERE code = 'WIRING_LIGHTS'), 0.5, 'BODY', 'TRAY WIRING OF CLEARANCE LIGHTS AND TAIL LIGHTS'),
  ('17c09268-43a6-d959-1175-9414e959dc90', 'bacc0dd9-551f-f8d3-2f9f-96c529875df3', 9, (SELECT id FROM operation_catalog WHERE code = 'BLUE_PLATE_QC'), 1.0, 'BODY', 'BLUE PLATE AND FINAL QC'),
  ('8b029efa-b37d-f4a8-4253-d1276d225589', 'bacc0dd9-551f-f8d3-2f9f-96c529875df3', 10, (SELECT id FROM operation_catalog WHERE code = 'PAINT_PREP_RUB'), 3.5, 'BODY', 'PAINT PREP & RUBBING'),
  ('07ff65c2-f4eb-27fa-0d16-1408690ad192', 'bacc0dd9-551f-f8d3-2f9f-96c529875df3', 11, (SELECT id FROM operation_catalog WHERE code = 'PAINT_PRIME_SEAL'), 2.0, 'BODY', 'PRIME, BLACK AND SEAL'),
  ('76b53fc3-59db-2374-69c4-932b7ef942db', 'bacc0dd9-551f-f8d3-2f9f-96c529875df3', 12, (SELECT id FROM operation_catalog WHERE code = 'PAINT_FINAL'), 2.0, 'BODY', 'FINAL PAINT'),
  ('b75430ef-e730-f2c2-e193-fd22cef2770d', 'bacc0dd9-551f-f8d3-2f9f-96c529875df3', 13, (SELECT id FROM operation_catalog WHERE code = 'PAINT_ROLL_FLOOR'), 0.5, 'BODY', 'ROLL FLOOR AND TOUCH UP')
ON CONFLICT (id) DO NOTHING;

-- TR91F (43.0 h, 13 ops)
INSERT INTO template_operations (id, template_version_id, sequence, operation_id, estimated_hours, flow_track, notes)
VALUES
  ('88f68863-6d4c-edcf-217e-fb9e1e765067', '5f970bfd-b625-d566-e899-3eb296dd66a3', 1, (SELECT id FROM operation_catalog WHERE code = 'MAT_PROC_CNC'), 8.0, 'BODY', 'MATERIAL PROCESSING/CNC'),
  ('778acef1-9c0e-cbf5-3caf-c130c49d4765', '5f970bfd-b625-d566-e899-3eb296dd66a3', 2, (SELECT id FROM operation_catalog WHERE code = 'MFR_BASE'), 4.0, 'BODY', 'MANUFACTURE BASE'),
  ('5142cca7-fcf5-0445-70b0-3d17134ae0ae', '5f970bfd-b625-d566-e899-3eb296dd66a3', 3, (SELECT id FROM operation_catalog WHERE code = 'MFR_HEADBOARD'), 2.5, 'BODY', 'MANUFACTURE HEADBOARD'),
  ('ff8e0ca9-0df4-e41e-f911-7806d869ef4b', '5f970bfd-b625-d566-e899-3eb296dd66a3', 4, (SELECT id FROM operation_catalog WHERE code = 'TRAY_ASSY'), 8.0, 'BODY', 'TRAY ASSEMBLY OF HEADBOARD'),
  ('66e2dde3-fdc5-6b84-4790-bb7302ecd295', '5f970bfd-b625-d566-e899-3eb296dd66a3', 5, (SELECT id FROM operation_catalog WHERE code = 'BODY_FITOUT'), 1.5, 'BODY', 'BODY FITOUT'),
  ('54e4d1d8-547a-1ef7-b85b-2aa2b07a256d', '5f970bfd-b625-d566-e899-3eb296dd66a3', 6, (SELECT id FROM operation_catalog WHERE code = 'CHASSIS_PREP_FLITCH'), 5.0, 'CHASSIS', 'CHASSIS PREP'),
  ('c6d62938-9222-4b37-4a4c-69890c50dbfa', '5f970bfd-b625-d566-e899-3eb296dd66a3', 7, (SELECT id FROM operation_catalog WHERE code = 'FITMENT_INSTALL'), 3.0, 'BODY', 'TRAY INSTALL AND WELD DOWN; FIT PRE-MADE MUD GUARDS'),
  ('917cfffc-da62-88e8-89fa-189ef912458f', '5f970bfd-b625-d566-e899-3eb296dd66a3', 8, (SELECT id FROM operation_catalog WHERE code = 'WIRING_LIGHTS'), 0.5, 'BODY', 'TRAY WIRING OF CLEARANCE LIGHTS AND TAIL LIGHTS'),
  ('478966b4-c87d-77e8-183f-66267e8dc69b', '5f970bfd-b625-d566-e899-3eb296dd66a3', 9, (SELECT id FROM operation_catalog WHERE code = 'BLUE_PLATE_QC'), 1.0, 'BODY', 'BLUE PLATE AND FINAL QC'),
  ('373697f3-486a-2eb2-e501-dbf86084785a', '5f970bfd-b625-d566-e899-3eb296dd66a3', 10, (SELECT id FROM operation_catalog WHERE code = 'PAINT_PREP_RUB'), 3.5, 'BODY', 'PAINT PREP & RUBBING'),
  ('8a966913-3ebe-a11d-ecfc-43bbc25de4ba', '5f970bfd-b625-d566-e899-3eb296dd66a3', 11, (SELECT id FROM operation_catalog WHERE code = 'PAINT_PRIME_SEAL'), 2.5, 'BODY', 'PRIME, BLACK AND SEAL'),
  ('f6ce44d3-d863-f68f-8988-293dc6e39130', '5f970bfd-b625-d566-e899-3eb296dd66a3', 12, (SELECT id FROM operation_catalog WHERE code = 'PAINT_FINAL'), 2.5, 'BODY', 'FINAL PAINT'),
  ('41c8984f-521d-d0c4-ff6e-f520bb1bca9b', '5f970bfd-b625-d566-e899-3eb296dd66a3', 13, (SELECT id FROM operation_catalog WHERE code = 'PAINT_ROLL_FLOOR'), 1.0, 'BODY', 'ROLL FLOOR AND TOUCH UP')
ON CONFLICT (id) DO NOTHING;

-- TP32N (66.0 h, 17 ops)
INSERT INTO template_operations (id, template_version_id, sequence, operation_id, estimated_hours, flow_track, notes)
VALUES
  ('6ddcb759-0545-ca74-25af-9f9cf1e80e25', '21537e25-369a-ca2d-f210-8aa379240ad0', 1, (SELECT id FROM operation_catalog WHERE code = 'MAT_PROC_CNC'), 8.0, 'BODY', 'MATERIAL PROCESSING/CNC'),
  ('a372b1bb-92db-2253-5617-b3e054019d73', '21537e25-369a-ca2d-f210-8aa379240ad0', 2, (SELECT id FROM operation_catalog WHERE code = 'MFR_SUBFRAME'), 3.0, 'SUBFRAME', 'MANUFACTURE SUBFRAME'),
  ('280a0d16-fd7a-4291-b284-5c13d018e3f5', '21537e25-369a-ca2d-f210-8aa379240ad0', 3, (SELECT id FROM operation_catalog WHERE code = 'MFR_BASE'), 4.0, 'BODY', 'MANUFACTURE BASE'),
  ('5f70f9d6-8d8e-1aa8-8ded-6edce3ec7824', '21537e25-369a-ca2d-f210-8aa379240ad0', 4, (SELECT id FROM operation_catalog WHERE code = 'MFR_HEADBOARD'), 2.5, 'BODY', 'MANUFACTURE HEADBOARD'),
  ('2ba3efac-a484-193b-cbf0-023aae207f13', '21537e25-369a-ca2d-f210-8aa379240ad0', 5, (SELECT id FROM operation_catalog WHERE code = 'MFR_DROPSIDES'), 5.0, 'BODY', 'MANUFACTURE 350MM DROPSIDES (2 QTY) + TAILGATE (1 QTY)'),
  ('b2776aed-8998-62c8-cf51-0a4ef099d698', '21537e25-369a-ca2d-f210-8aa379240ad0', 6, (SELECT id FROM operation_catalog WHERE code = 'FAB_LINE_ASSY'), 8.0, 'BODY', 'FABRICATION LINE ASSEMBLY'),
  ('2e477b72-aa33-e037-d888-abe32c766b54', '21537e25-369a-ca2d-f210-8aa379240ad0', 7, (SELECT id FROM operation_catalog WHERE code = 'SUBFRAME_PTO_HYD'), 2.5, 'SUBFRAME', 'SUBFRAME PTO & HYDRAULICS FITOUT'),
  ('8ae422ee-4f54-22d0-6d9c-9a8da251f371', '21537e25-369a-ca2d-f210-8aa379240ad0', 8, (SELECT id FROM operation_catalog WHERE code = 'BODY_FITOUT'), 1.5, 'BODY', 'BODY FITOUT'),
  ('ec3e3eac-14fb-af32-52d7-e39455c04fe5', '21537e25-369a-ca2d-f210-8aa379240ad0', 9, (SELECT id FROM operation_catalog WHERE code = 'CHASSIS_PREP_FLITCH'), 5.0, 'CHASSIS', 'CHASSIS PREP: FLITCH PLATES AND PLASTICS; ELECTRICAL PREP'),
  ('7f306934-3e9e-8b75-70d0-146810a3ccd9', '21537e25-369a-ca2d-f210-8aa379240ad0', 10, (SELECT id FROM operation_catalog WHERE code = 'FITMENT_INSTALL'), 7.5, 'CHASSIS', 'FITMENT: TIPPER INSTALL AND WELDDOWN, FIT MUD FLAPS'),
  ('1054a1a5-8543-b15a-eaea-a26d92edc308', '21537e25-369a-ca2d-f210-8aa379240ad0', 11, (SELECT id FROM operation_catalog WHERE code = 'WIRING_LIGHTS'), 0.5, 'BODY', 'TIPPER WIRING OF CLEARANCE LIGHTS AND TAILLIGHTS'),
  ('ad57ab94-0b83-7cc2-0490-5bb8ce314c51', '21537e25-369a-ca2d-f210-8aa379240ad0', 12, (SELECT id FROM operation_catalog WHERE code = 'BLUE_PLATE_QC'), 1.0, 'BODY', 'BLUE PLATE AND FINAL QC'),
  ('6898d8ec-4d35-c71f-c46f-81c50d35ccaa', '21537e25-369a-ca2d-f210-8aa379240ad0', 13, (SELECT id FROM operation_catalog WHERE code = 'PAINT_SUBFRAME'), 2.0, 'SUBFRAME', 'PAINT SUBFRAME: RUB, PRIME, SEAL AND PAINT'),
  ('49612e4f-ad65-8b7e-0466-e4f48249075d', '21537e25-369a-ca2d-f210-8aa379240ad0', 14, (SELECT id FROM operation_catalog WHERE code = 'PAINT_PREP_RUB'), 5.0, 'BODY', 'TIPPER BODY PAINT PREP & RUBBING'),
  ('9cb07b10-0714-373d-b441-aae7208d6adb', '21537e25-369a-ca2d-f210-8aa379240ad0', 15, (SELECT id FROM operation_catalog WHERE code = 'PAINT_PRIME_SEAL'), 5.0, 'BODY', 'PRIME 2 PAC, AND SEAL'),
  ('b96c2d6d-8cc4-5497-f2ed-e4cfd9088ef1', '21537e25-369a-ca2d-f210-8aa379240ad0', 16, (SELECT id FROM operation_catalog WHERE code = 'PAINT_FINAL'), 4.0, 'BODY', 'FINAL PAINT'),
  ('f7c9486d-fb41-2921-0d52-f79b113b8b16', '21537e25-369a-ca2d-f210-8aa379240ad0', 17, (SELECT id FROM operation_catalog WHERE code = 'PAINT_UNDERSIDE'), 1.5, 'BODY', 'UNDERSIDE BLACK AND TOUCH UP')
ON CONFLICT (id) DO NOTHING;

-- TP32N-T600 (67.5 h, 17 ops)
INSERT INTO template_operations (id, template_version_id, sequence, operation_id, estimated_hours, flow_track, notes)
VALUES
  ('fa7ffbd9-9695-5014-3e48-f477b5504ea8', '71aa12d1-8c1a-4464-7922-3f26c45105df', 1, (SELECT id FROM operation_catalog WHERE code = 'MAT_PROC_CNC'), 8.0, 'BODY', 'MATERIAL PROCESSING/CNC'),
  ('219d28ac-7c05-9a39-d8e2-43629af57336', '71aa12d1-8c1a-4464-7922-3f26c45105df', 2, (SELECT id FROM operation_catalog WHERE code = 'MFR_SUBFRAME'), 3.0, 'SUBFRAME', 'MANUFACTURE SUBFRAME'),
  ('f858043b-c2f6-7f19-153b-af118a272961', '71aa12d1-8c1a-4464-7922-3f26c45105df', 3, (SELECT id FROM operation_catalog WHERE code = 'MFR_BASE'), 4.0, 'BODY', 'MANUFACTURE BASE'),
  ('3a189a8e-dded-2d56-4a76-5bcc5672d85b', '71aa12d1-8c1a-4464-7922-3f26c45105df', 4, (SELECT id FROM operation_catalog WHERE code = 'MFR_HEADBOARD'), 2.5, 'BODY', 'MANUFACTURE HEADBOARD'),
  ('d23668d3-9021-c2c2-dc26-8072b295d9bb', '71aa12d1-8c1a-4464-7922-3f26c45105df', 5, (SELECT id FROM operation_catalog WHERE code = 'MFR_DROPSIDES'), 5.0, 'BODY', 'MANUFACTURE 350MM DROPSIDES (2 QTY) + TAILGATE (1 QTY)'),
  ('0b18df45-12f5-5d82-dc51-7f551dcf3616', '71aa12d1-8c1a-4464-7922-3f26c45105df', 6, (SELECT id FROM operation_catalog WHERE code = 'FAB_LINE_ASSY'), 8.0, 'BODY', 'FABRICATION LINE ASSEMBLY'),
  ('aab84982-d91e-b67c-850c-e6be1d95d578', '71aa12d1-8c1a-4464-7922-3f26c45105df', 7, (SELECT id FROM operation_catalog WHERE code = 'SUBFRAME_PTO_HYD'), 2.5, 'SUBFRAME', 'SUBFRAME PTO & HYDRAULICS FITOUT'),
  ('c20cf53c-6fb7-b787-615d-65a080b1ad32', '71aa12d1-8c1a-4464-7922-3f26c45105df', 8, (SELECT id FROM operation_catalog WHERE code = 'BODY_FITOUT'), 3.0, 'BODY', 'BODY FITOUT'),
  ('f36b7f43-f657-fda6-077c-9ac2ef7a95c3', '71aa12d1-8c1a-4464-7922-3f26c45105df', 9, (SELECT id FROM operation_catalog WHERE code = 'CHASSIS_PREP_FLITCH'), 5.0, 'CHASSIS', 'CHASSIS PREP: FLITCH PLATES AND PLASTICS; ELECTRICAL PREP'),
  ('2b9b8c7f-1947-9ac6-3cd7-23ae8da53d84', '71aa12d1-8c1a-4464-7922-3f26c45105df', 10, (SELECT id FROM operation_catalog WHERE code = 'FITMENT_INSTALL'), 7.5, 'CHASSIS', 'FITMENT: TIPPER INSTALL AND WELDDOWN, FIT MUD FLAPS'),
  ('e33af786-32a3-e152-f588-7c06341e3e3f', '71aa12d1-8c1a-4464-7922-3f26c45105df', 11, (SELECT id FROM operation_catalog WHERE code = 'WIRING_LIGHTS'), 0.5, 'BODY', 'TIPPER WIRING OF CLEARANCE LIGHTS AND TAILLIGHTS'),
  ('6b3816a0-fd4d-517c-ef10-51336645304a', '71aa12d1-8c1a-4464-7922-3f26c45105df', 12, (SELECT id FROM operation_catalog WHERE code = 'BLUE_PLATE_QC'), 1.0, 'BODY', 'BLUE PLATE AND FINAL QC'),
  ('f8f31d37-67d9-dcf6-b452-a464e2246c3e', '71aa12d1-8c1a-4464-7922-3f26c45105df', 13, (SELECT id FROM operation_catalog WHERE code = 'PAINT_SUBFRAME'), 2.0, 'SUBFRAME', 'PAINT SUBFRAME: RUB, PRIME, SEAL AND PAINT'),
  ('f3ed796c-e8d7-7f86-c347-5932eab2219d', '71aa12d1-8c1a-4464-7922-3f26c45105df', 14, (SELECT id FROM operation_catalog WHERE code = 'PAINT_PREP_RUB'), 5.0, 'BODY', 'TIPPER BODY PAINT PREP & RUBBING'),
  ('df9ebd4f-5766-0118-2eee-2aa636120265', '71aa12d1-8c1a-4464-7922-3f26c45105df', 15, (SELECT id FROM operation_catalog WHERE code = 'PAINT_PRIME_SEAL'), 5.0, 'BODY', 'PRIME 2 PAC, AND SEAL'),
  ('356caec4-f46b-6cb6-73ca-d3c53d65f726', '71aa12d1-8c1a-4464-7922-3f26c45105df', 16, (SELECT id FROM operation_catalog WHERE code = 'PAINT_FINAL'), 4.0, 'BODY', 'FINAL PAINT'),
  ('15b277b2-5829-e9ce-bc5f-0786738ea317', '71aa12d1-8c1a-4464-7922-3f26c45105df', 17, (SELECT id FROM operation_catalog WHERE code = 'PAINT_UNDERSIDE'), 1.5, 'BODY', 'UNDERSIDE BLACK AND TOUCH UP')
ON CONFLICT (id) DO NOTHING;

-- TP32N-T600S300 (67.5 h, 17 ops)
INSERT INTO template_operations (id, template_version_id, sequence, operation_id, estimated_hours, flow_track, notes)
VALUES
  ('68558942-a4c1-1286-165b-19b59255c9f1', '004e3110-e095-68c8-b4f1-e0384dbd1ffa', 1, (SELECT id FROM operation_catalog WHERE code = 'MAT_PROC_CNC'), 8.0, 'BODY', 'MATERIAL PROCESSING/CNC'),
  ('63bad076-8325-a2e6-4c8a-1a08e01d82ca', '004e3110-e095-68c8-b4f1-e0384dbd1ffa', 2, (SELECT id FROM operation_catalog WHERE code = 'MFR_SUBFRAME'), 3.0, 'SUBFRAME', 'MANUFACTURE SUBFRAME'),
  ('865a5d97-24b7-9013-f48a-cc08893fdc0c', '004e3110-e095-68c8-b4f1-e0384dbd1ffa', 3, (SELECT id FROM operation_catalog WHERE code = 'MFR_BASE'), 4.0, 'BODY', 'MANUFACTURE BASE'),
  ('f4afbea3-6639-97c3-b7f8-25607e95d3c8', '004e3110-e095-68c8-b4f1-e0384dbd1ffa', 4, (SELECT id FROM operation_catalog WHERE code = 'MFR_HEADBOARD'), 2.5, 'BODY', 'MANUFACTURE HEADBOARD'),
  ('94e82928-62bc-cf29-d3bd-dee757011ef2', '004e3110-e095-68c8-b4f1-e0384dbd1ffa', 5, (SELECT id FROM operation_catalog WHERE code = 'MFR_DROPSIDES'), 5.0, 'BODY', 'MANUFACTURE 350MM DROPSIDES (2 QTY) + TAILGATE (1 QTY)'),
  ('0cd6cfce-71e1-1c70-71d1-bfa65983209e', '004e3110-e095-68c8-b4f1-e0384dbd1ffa', 6, (SELECT id FROM operation_catalog WHERE code = 'FAB_LINE_ASSY'), 8.0, 'BODY', 'FABRICATION LINE ASSEMBLY'),
  ('4b5950f5-4b81-37c4-49ad-8e6e32772c4b', '004e3110-e095-68c8-b4f1-e0384dbd1ffa', 7, (SELECT id FROM operation_catalog WHERE code = 'SUBFRAME_PTO_HYD'), 2.5, 'SUBFRAME', 'SUBFRAME PTO & HYDRAULICS FITOUT'),
  ('21d79c02-c930-d7c6-1f06-310d003a0ae1', '004e3110-e095-68c8-b4f1-e0384dbd1ffa', 8, (SELECT id FROM operation_catalog WHERE code = 'BODY_FITOUT'), 3.0, 'BODY', 'BODY FITOUT'),
  ('74904d31-058d-bf6e-d4ba-b9d40f0803f1', '004e3110-e095-68c8-b4f1-e0384dbd1ffa', 9, (SELECT id FROM operation_catalog WHERE code = 'CHASSIS_PREP_FLITCH'), 5.0, 'CHASSIS', 'CHASSIS PREP: FLITCH PLATES AND PLASTICS; ELECTRICAL PREP'),
  ('ba52f686-7fee-ddfa-8689-8201fedcd644', '004e3110-e095-68c8-b4f1-e0384dbd1ffa', 10, (SELECT id FROM operation_catalog WHERE code = 'FITMENT_INSTALL'), 7.5, 'CHASSIS', 'FITMENT: TIPPER INSTALL AND WELDDOWN, FIT MUD FLAPS'),
  ('792e99f0-0432-3c73-88f0-4d6601d60c72', '004e3110-e095-68c8-b4f1-e0384dbd1ffa', 11, (SELECT id FROM operation_catalog WHERE code = 'WIRING_LIGHTS'), 0.5, 'BODY', 'TIPPER WIRING OF CLEARANCE LIGHTS AND TAILLIGHTS'),
  ('e76e3a0a-fd08-eeb7-a83a-4c4147fb3b6d', '004e3110-e095-68c8-b4f1-e0384dbd1ffa', 12, (SELECT id FROM operation_catalog WHERE code = 'BLUE_PLATE_QC'), 1.0, 'BODY', 'BLUE PLATE AND FINAL QC'),
  ('4cc36554-513b-a26e-0c45-840f5a5f2550', '004e3110-e095-68c8-b4f1-e0384dbd1ffa', 13, (SELECT id FROM operation_catalog WHERE code = 'PAINT_SUBFRAME'), 2.0, 'SUBFRAME', 'PAINT SUBFRAME: RUB, PRIME, SEAL AND PAINT'),
  ('c8b6648e-fb31-35c3-90c8-fc101cd01b82', '004e3110-e095-68c8-b4f1-e0384dbd1ffa', 14, (SELECT id FROM operation_catalog WHERE code = 'PAINT_PREP_RUB'), 5.0, 'BODY', 'TIPPER BODY PAINT PREP & RUBBING'),
  ('5a8a3dd0-7889-18b3-b4ac-192c4bb71f06', '004e3110-e095-68c8-b4f1-e0384dbd1ffa', 15, (SELECT id FROM operation_catalog WHERE code = 'PAINT_PRIME_SEAL'), 5.0, 'BODY', 'PRIME 2 PAC, AND SEAL'),
  ('8020a3d7-e704-ca62-9e16-3add163c8f7a', '004e3110-e095-68c8-b4f1-e0384dbd1ffa', 16, (SELECT id FROM operation_catalog WHERE code = 'PAINT_FINAL'), 4.0, 'BODY', 'FINAL PAINT'),
  ('6a129c4c-09b9-342c-8142-2f65444e118c', '004e3110-e095-68c8-b4f1-e0384dbd1ffa', 17, (SELECT id FROM operation_catalog WHERE code = 'PAINT_UNDERSIDE'), 1.5, 'BODY', 'UNDERSIDE BLACK AND TOUCH UP')
ON CONFLICT (id) DO NOTHING;

-- TP32N-T900 (66.0 h, 17 ops)
INSERT INTO template_operations (id, template_version_id, sequence, operation_id, estimated_hours, flow_track, notes)
VALUES
  ('96924093-09ca-14ce-64a0-1289858eeacb', 'f3ddc8ac-f302-614a-a91b-ad2461cc03cc', 1, (SELECT id FROM operation_catalog WHERE code = 'MAT_PROC_CNC'), 8.0, 'BODY', 'MATERIAL PROCESSING/CNC'),
  ('3b72ae43-f3f7-01fd-e5c5-123a6f7e43e8', 'f3ddc8ac-f302-614a-a91b-ad2461cc03cc', 2, (SELECT id FROM operation_catalog WHERE code = 'MFR_SUBFRAME'), 3.0, 'SUBFRAME', 'MANUFACTURE SUBFRAME'),
  ('537a6e36-1f76-6e98-f13b-a749ea6e7b86', 'f3ddc8ac-f302-614a-a91b-ad2461cc03cc', 3, (SELECT id FROM operation_catalog WHERE code = 'MFR_BASE'), 4.0, 'BODY', 'MANUFACTURE BASE'),
  ('ad00f930-806f-5bb1-bc02-28a1eefabccb', 'f3ddc8ac-f302-614a-a91b-ad2461cc03cc', 4, (SELECT id FROM operation_catalog WHERE code = 'MFR_HEADBOARD'), 2.5, 'BODY', 'MANUFACTURE HEADBOARD'),
  ('b16c0060-19cc-06c9-3d2a-fb09707c36fc', 'f3ddc8ac-f302-614a-a91b-ad2461cc03cc', 5, (SELECT id FROM operation_catalog WHERE code = 'MFR_DROPSIDES'), 5.0, 'BODY', 'MANUFACTURE 350MM DROPSIDES (2 QTY) + TAILGATE (1 QTY)'),
  ('bbf2b2eb-4862-2e1a-dbe4-0d66c0d83cb8', 'f3ddc8ac-f302-614a-a91b-ad2461cc03cc', 6, (SELECT id FROM operation_catalog WHERE code = 'FAB_LINE_ASSY'), 8.0, 'BODY', 'FABRICATION LINE ASSEMBLY'),
  ('dfe1014d-9512-88f8-937b-47fac84f3b65', 'f3ddc8ac-f302-614a-a91b-ad2461cc03cc', 7, (SELECT id FROM operation_catalog WHERE code = 'SUBFRAME_PTO_HYD'), 2.5, 'SUBFRAME', 'SUBFRAME PTO & HYDRAULICS FITOUT'),
  ('fef1a733-2a5a-1229-8593-e4a4ce54c071', 'f3ddc8ac-f302-614a-a91b-ad2461cc03cc', 8, (SELECT id FROM operation_catalog WHERE code = 'BODY_FITOUT'), 1.5, 'BODY', 'BODY FITOUT'),
  ('5c266596-6d6a-cff4-4c4d-9a74b6b1d3c0', 'f3ddc8ac-f302-614a-a91b-ad2461cc03cc', 9, (SELECT id FROM operation_catalog WHERE code = 'CHASSIS_PREP_FLITCH'), 5.0, 'CHASSIS', 'CHASSIS PREP: FLITCH PLATES AND PLASTICS; ELECTRICAL PREP'),
  ('fcb463b8-20a0-5de0-3113-8bf9caf3d0c2', 'f3ddc8ac-f302-614a-a91b-ad2461cc03cc', 10, (SELECT id FROM operation_catalog WHERE code = 'FITMENT_INSTALL'), 7.5, 'CHASSIS', 'FITMENT: TIPPER INSTALL AND WELDDOWN, FIT MUD FLAPS'),
  ('e66caf22-938e-7dcf-d410-33e7f66ca576', 'f3ddc8ac-f302-614a-a91b-ad2461cc03cc', 11, (SELECT id FROM operation_catalog WHERE code = 'WIRING_LIGHTS'), 0.5, 'BODY', 'TIPPER WIRING OF CLEARANCE LIGHTS AND TAILLIGHTS'),
  ('f7a97d9b-e1ff-e390-2f6d-8eef2311067c', 'f3ddc8ac-f302-614a-a91b-ad2461cc03cc', 12, (SELECT id FROM operation_catalog WHERE code = 'BLUE_PLATE_QC'), 1.0, 'BODY', 'BLUE PLATE AND FINAL QC'),
  ('ebdff921-71be-1e85-219b-73ae1c37ac53', 'f3ddc8ac-f302-614a-a91b-ad2461cc03cc', 13, (SELECT id FROM operation_catalog WHERE code = 'PAINT_SUBFRAME'), 2.0, 'SUBFRAME', 'PAINT SUBFRAME: RUB, PRIME, SEAL AND PAINT'),
  ('d7df2f3c-7786-8b75-790f-4ba9831b2fe6', 'f3ddc8ac-f302-614a-a91b-ad2461cc03cc', 14, (SELECT id FROM operation_catalog WHERE code = 'PAINT_PREP_RUB'), 5.0, 'BODY', 'TIPPER BODY PAINT PREP & RUBBING'),
  ('3169f1a6-5a2f-c9fa-6898-7253c6aeedc9', 'f3ddc8ac-f302-614a-a91b-ad2461cc03cc', 15, (SELECT id FROM operation_catalog WHERE code = 'PAINT_PRIME_SEAL'), 5.0, 'BODY', 'PRIME 2 PAC, AND SEAL'),
  ('c8b7a350-11e2-c5b3-0272-793c1deeaaaa', 'f3ddc8ac-f302-614a-a91b-ad2461cc03cc', 16, (SELECT id FROM operation_catalog WHERE code = 'PAINT_FINAL'), 4.0, 'BODY', 'FINAL PAINT'),
  ('41b27918-9421-a4a1-54cb-a8ba9d32f8db', 'f3ddc8ac-f302-614a-a91b-ad2461cc03cc', 17, (SELECT id FROM operation_catalog WHERE code = 'PAINT_UNDERSIDE'), 1.5, 'BODY', 'UNDERSIDE BLACK AND TOUCH UP')
ON CONFLICT (id) DO NOTHING;

-- TP40N (66.0 h, 17 ops)
INSERT INTO template_operations (id, template_version_id, sequence, operation_id, estimated_hours, flow_track, notes)
VALUES
  ('a445eb00-24f0-54fa-6914-c41b34f3847a', '7433dea0-61fd-59e0-6491-4c2a74c3d6a1', 1, (SELECT id FROM operation_catalog WHERE code = 'MAT_PROC_CNC'), 8.0, 'BODY', 'MATERIAL PROCESSING/CNC'),
  ('ca6851f2-16c7-c8be-a486-e7c5a52e19f1', '7433dea0-61fd-59e0-6491-4c2a74c3d6a1', 2, (SELECT id FROM operation_catalog WHERE code = 'MFR_SUBFRAME'), 3.0, 'SUBFRAME', 'MANUFACTURE SUBFRAME'),
  ('56bb830d-105c-850b-a9ed-333542499a33', '7433dea0-61fd-59e0-6491-4c2a74c3d6a1', 3, (SELECT id FROM operation_catalog WHERE code = 'MFR_BASE'), 4.0, 'BODY', 'MANUFACTURE BASE'),
  ('ac2913f4-984f-d358-9bc9-260e29497022', '7433dea0-61fd-59e0-6491-4c2a74c3d6a1', 4, (SELECT id FROM operation_catalog WHERE code = 'MFR_HEADBOARD'), 2.5, 'BODY', 'MANUFACTURE HEADBOARD'),
  ('483b5e51-c321-639b-324f-61314d5ce6d8', '7433dea0-61fd-59e0-6491-4c2a74c3d6a1', 5, (SELECT id FROM operation_catalog WHERE code = 'MFR_DROPSIDES'), 5.0, 'BODY', 'MANUFACTURE 350MM DROPSIDES (2 QTY) + TAILGATE (1 QTY)'),
  ('ba8f442b-319d-4f09-a06a-930979f2e550', '7433dea0-61fd-59e0-6491-4c2a74c3d6a1', 6, (SELECT id FROM operation_catalog WHERE code = 'FAB_LINE_ASSY'), 8.0, 'BODY', 'FABRICATION LINE ASSEMBLY'),
  ('97880652-6a0c-ef2a-2468-6c20100e38dc', '7433dea0-61fd-59e0-6491-4c2a74c3d6a1', 7, (SELECT id FROM operation_catalog WHERE code = 'SUBFRAME_PTO_HYD'), 2.5, 'SUBFRAME', 'SUBFRAME PTO & HYDRAULICS FITOUT'),
  ('b925f5d8-e463-ec8f-417f-837bf5879e41', '7433dea0-61fd-59e0-6491-4c2a74c3d6a1', 8, (SELECT id FROM operation_catalog WHERE code = 'BODY_FITOUT'), 1.5, 'BODY', 'BODY FITOUT'),
  ('479630a9-680d-fada-1a2f-7cdd7fea204b', '7433dea0-61fd-59e0-6491-4c2a74c3d6a1', 9, (SELECT id FROM operation_catalog WHERE code = 'CHASSIS_PREP_FLITCH'), 5.0, 'CHASSIS', 'CHASSIS PREP: FLITCH PLATES AND PLASTICS; ELECTRICAL PREP'),
  ('7bc446a8-1c05-cba1-421e-9403473467e1', '7433dea0-61fd-59e0-6491-4c2a74c3d6a1', 10, (SELECT id FROM operation_catalog WHERE code = 'FITMENT_INSTALL'), 7.5, 'CHASSIS', 'FITMENT: TIPPER INSTALL AND WELDDOWN, FIT MUD FLAPS'),
  ('7c2d4d72-9794-0d2a-2117-4e5663b0ef17', '7433dea0-61fd-59e0-6491-4c2a74c3d6a1', 11, (SELECT id FROM operation_catalog WHERE code = 'WIRING_LIGHTS'), 0.5, 'BODY', 'TIPPER WIRING OF CLEARANCE LIGHTS AND TAILLIGHTS'),
  ('880559dc-9480-664d-5c69-f0e5d38afe76', '7433dea0-61fd-59e0-6491-4c2a74c3d6a1', 12, (SELECT id FROM operation_catalog WHERE code = 'BLUE_PLATE_QC'), 1.0, 'BODY', 'BLUE PLATE AND FINAL QC'),
  ('d2592760-5441-848a-f15f-b1455c8234ea', '7433dea0-61fd-59e0-6491-4c2a74c3d6a1', 13, (SELECT id FROM operation_catalog WHERE code = 'PAINT_SUBFRAME'), 2.0, 'SUBFRAME', 'PAINT SUBFRAME: RUB, PRIME, SEAL AND PAINT'),
  ('a1c3834d-ab1a-eabc-3334-98abc2eac810', '7433dea0-61fd-59e0-6491-4c2a74c3d6a1', 14, (SELECT id FROM operation_catalog WHERE code = 'PAINT_PREP_RUB'), 5.0, 'BODY', 'TIPPER BODY PAINT PREP & RUBBING'),
  ('77a704c1-3f6c-0d76-4230-c1c501d96aac', '7433dea0-61fd-59e0-6491-4c2a74c3d6a1', 15, (SELECT id FROM operation_catalog WHERE code = 'PAINT_PRIME_SEAL'), 5.0, 'BODY', 'PRIME 2 PAC, AND SEAL'),
  ('e8e87296-4383-7829-f443-d94ac30a8297', '7433dea0-61fd-59e0-6491-4c2a74c3d6a1', 16, (SELECT id FROM operation_catalog WHERE code = 'PAINT_FINAL'), 4.0, 'BODY', 'FINAL PAINT'),
  ('e1b96e40-da5e-7a9f-934b-e34f5dc34b51', '7433dea0-61fd-59e0-6491-4c2a74c3d6a1', 17, (SELECT id FROM operation_catalog WHERE code = 'PAINT_UNDERSIDE'), 1.5, 'BODY', 'UNDERSIDE BLACK AND TOUCH UP')
ON CONFLICT (id) DO NOTHING;

-- TP42F-S300 (66.0 h, 17 ops)
INSERT INTO template_operations (id, template_version_id, sequence, operation_id, estimated_hours, flow_track, notes)
VALUES
  ('3a73a376-3d36-f7fe-e0df-c87a3f0e8ea2', '66098136-46cd-3a1c-30f8-fc7fe78ef267', 1, (SELECT id FROM operation_catalog WHERE code = 'MAT_PROC_CNC'), 8.0, 'BODY', 'MATERIAL PROCESSING/CNC'),
  ('d79efdbb-36b2-fba3-391b-68f01052bedf', '66098136-46cd-3a1c-30f8-fc7fe78ef267', 2, (SELECT id FROM operation_catalog WHERE code = 'MFR_SUBFRAME'), 3.0, 'SUBFRAME', 'MANUFACTURE SUBFRAME'),
  ('c21bc447-4b2e-3e86-0284-3fbb039d27fe', '66098136-46cd-3a1c-30f8-fc7fe78ef267', 3, (SELECT id FROM operation_catalog WHERE code = 'MFR_BASE'), 4.0, 'BODY', 'MANUFACTURE BASE'),
  ('c6f7a211-c640-5062-d6dd-aee50109bf5b', '66098136-46cd-3a1c-30f8-fc7fe78ef267', 4, (SELECT id FROM operation_catalog WHERE code = 'MFR_HEADBOARD'), 2.5, 'BODY', 'MANUFACTURE HEADBOARD'),
  ('52acc3c6-3a2d-723b-e011-75c7c315ec3a', '66098136-46cd-3a1c-30f8-fc7fe78ef267', 5, (SELECT id FROM operation_catalog WHERE code = 'MFR_DROPSIDES'), 5.0, 'BODY', 'MANUFACTURE 450MM DROPSIDES (2 QTY) + TAILGATE (1 QTY)'),
  ('ea058ef1-bab1-7c78-9112-7760c5a08fea', '66098136-46cd-3a1c-30f8-fc7fe78ef267', 6, (SELECT id FROM operation_catalog WHERE code = 'FAB_LINE_ASSY'), 8.0, 'BODY', 'FABRICATION LINE ASSEMBLY'),
  ('0f83dd0e-7989-d412-0a70-99b913a3dcfa', '66098136-46cd-3a1c-30f8-fc7fe78ef267', 7, (SELECT id FROM operation_catalog WHERE code = 'SUBFRAME_PTO_HYD'), 2.5, 'SUBFRAME', 'SUBFRAME PTO & HYDRAULICS FITOUT'),
  ('e5a6d602-7f82-9a80-ec6e-b451a5d48c23', '66098136-46cd-3a1c-30f8-fc7fe78ef267', 8, (SELECT id FROM operation_catalog WHERE code = 'BODY_FITOUT'), 1.5, 'BODY', 'BODY FITOUT'),
  ('ba4bbddc-bbf9-bbb7-5e9d-296148d0cacd', '66098136-46cd-3a1c-30f8-fc7fe78ef267', 9, (SELECT id FROM operation_catalog WHERE code = 'CHASSIS_PREP_FLITCH'), 5.0, 'CHASSIS', 'CHASSIS PREP: FLITCH PLATES AND PLASTICS; ELECTRICAL PREP'),
  ('586ee653-4181-eb46-4d94-ae9a687ce889', '66098136-46cd-3a1c-30f8-fc7fe78ef267', 10, (SELECT id FROM operation_catalog WHERE code = 'FITMENT_INSTALL'), 7.5, 'CHASSIS', 'FITMENT: TIPPER INSTALL AND WELDDOWN, FIT MUD FLAPS'),
  ('876a5762-71aa-a342-5461-460390af3adb', '66098136-46cd-3a1c-30f8-fc7fe78ef267', 11, (SELECT id FROM operation_catalog WHERE code = 'WIRING_LIGHTS'), 0.5, 'BODY', 'TIPPER WIRING OF CLEARANCE LIGHTS AND TAILLIGHTS'),
  ('747470f9-bb3b-37b8-f797-a5d3c98a0751', '66098136-46cd-3a1c-30f8-fc7fe78ef267', 12, (SELECT id FROM operation_catalog WHERE code = 'BLUE_PLATE_QC'), 1.0, 'BODY', 'BLUE PLATE AND FINAL QC'),
  ('cff3da45-2f2e-43c7-5193-53c9a65a7f40', '66098136-46cd-3a1c-30f8-fc7fe78ef267', 13, (SELECT id FROM operation_catalog WHERE code = 'PAINT_SUBFRAME'), 2.0, 'SUBFRAME', 'PAINT SUBFRAME: RUB, PRIME, SEAL AND PAINT'),
  ('bb946f46-c3be-4082-92f4-2779105d17ba', '66098136-46cd-3a1c-30f8-fc7fe78ef267', 14, (SELECT id FROM operation_catalog WHERE code = 'PAINT_PREP_RUB'), 5.0, 'BODY', 'TIPPER BODY PAINT PREP & RUBBING'),
  ('783e051b-5427-a7d0-f853-5fb952857a8b', '66098136-46cd-3a1c-30f8-fc7fe78ef267', 15, (SELECT id FROM operation_catalog WHERE code = 'PAINT_PRIME_SEAL'), 5.0, 'BODY', 'PRIME 2 PAC, AND SEAL'),
  ('731ef4b9-d1d4-a017-86b9-685202d59ef1', '66098136-46cd-3a1c-30f8-fc7fe78ef267', 16, (SELECT id FROM operation_catalog WHERE code = 'PAINT_FINAL'), 4.0, 'BODY', 'FINAL PAINT'),
  ('68769fb0-7807-ff46-a272-69c2b39c7459', '66098136-46cd-3a1c-30f8-fc7fe78ef267', 17, (SELECT id FROM operation_catalog WHERE code = 'PAINT_UNDERSIDE'), 1.5, 'BODY', 'UNDERSIDE BLACK AND TOUCH UP')
ON CONFLICT (id) DO NOTHING;

-- TP42F-T600 (66.0 h, 17 ops)
INSERT INTO template_operations (id, template_version_id, sequence, operation_id, estimated_hours, flow_track, notes)
VALUES
  ('f6d192c7-714a-2fab-cda1-a392ca96a938', 'd68f1f67-38b0-8b3a-afeb-28d38f02da2a', 1, (SELECT id FROM operation_catalog WHERE code = 'MAT_PROC_CNC'), 8.0, 'BODY', 'MATERIAL PROCESSING/CNC'),
  ('13e17f47-2521-0226-dbda-72307d1c5b65', 'd68f1f67-38b0-8b3a-afeb-28d38f02da2a', 2, (SELECT id FROM operation_catalog WHERE code = 'MFR_SUBFRAME'), 3.0, 'SUBFRAME', 'MANUFACTURE SUBFRAME'),
  ('e3d68f55-3fc3-78bf-7946-fa708e7632ba', 'd68f1f67-38b0-8b3a-afeb-28d38f02da2a', 3, (SELECT id FROM operation_catalog WHERE code = 'MFR_BASE'), 4.0, 'BODY', 'MANUFACTURE BASE'),
  ('46f54dc6-2f2d-788f-0808-9bdc4fad5dfa', 'd68f1f67-38b0-8b3a-afeb-28d38f02da2a', 4, (SELECT id FROM operation_catalog WHERE code = 'MFR_HEADBOARD'), 2.5, 'BODY', 'MANUFACTURE HEADBOARD'),
  ('c4e613c7-6313-2ff7-c851-8158c7c94314', 'd68f1f67-38b0-8b3a-afeb-28d38f02da2a', 5, (SELECT id FROM operation_catalog WHERE code = 'MFR_DROPSIDES'), 5.0, 'BODY', 'MANUFACTURE 450MM DROPSIDES (2 QTY) + TAILGATE (1 QTY)'),
  ('513bfb2c-fec0-e9c8-8633-1ec103cb372c', 'd68f1f67-38b0-8b3a-afeb-28d38f02da2a', 6, (SELECT id FROM operation_catalog WHERE code = 'FAB_LINE_ASSY'), 8.0, 'BODY', 'FABRICATION LINE ASSEMBLY'),
  ('e4b8b78f-0c00-87e3-5308-2b135a0c2b1c', 'd68f1f67-38b0-8b3a-afeb-28d38f02da2a', 7, (SELECT id FROM operation_catalog WHERE code = 'SUBFRAME_PTO_HYD'), 2.5, 'SUBFRAME', 'SUBFRAME PTO & HYDRAULICS FITOUT'),
  ('0d7ef2d9-e267-be6e-2317-20edffd99b47', 'd68f1f67-38b0-8b3a-afeb-28d38f02da2a', 8, (SELECT id FROM operation_catalog WHERE code = 'BODY_FITOUT'), 1.5, 'BODY', 'BODY FITOUT'),
  ('a72f719b-10b7-1c91-bb1a-2cf70170e6e1', 'd68f1f67-38b0-8b3a-afeb-28d38f02da2a', 9, (SELECT id FROM operation_catalog WHERE code = 'CHASSIS_PREP_FLITCH'), 5.0, 'CHASSIS', 'CHASSIS PREP: FLITCH PLATES AND PLASTICS; ELECTRICAL PREP'),
  ('b4327ef3-e930-5305-f64f-ada0573461ab', 'd68f1f67-38b0-8b3a-afeb-28d38f02da2a', 10, (SELECT id FROM operation_catalog WHERE code = 'FITMENT_INSTALL'), 7.5, 'CHASSIS', 'FITMENT: TIPPER INSTALL AND WELDDOWN, FIT MUD FLAPS'),
  ('c1912986-bfd7-87b7-8af3-9d60d03e680c', 'd68f1f67-38b0-8b3a-afeb-28d38f02da2a', 11, (SELECT id FROM operation_catalog WHERE code = 'WIRING_LIGHTS'), 0.5, 'BODY', 'TIPPER WIRING OF CLEARANCE LIGHTS AND TAILLIGHTS'),
  ('5755b242-797a-5b8c-ea07-40b4f2f4728a', 'd68f1f67-38b0-8b3a-afeb-28d38f02da2a', 12, (SELECT id FROM operation_catalog WHERE code = 'BLUE_PLATE_QC'), 1.0, 'BODY', 'BLUE PLATE AND FINAL QC'),
  ('72c2de90-20d8-9ec6-255c-da65f070ef5f', 'd68f1f67-38b0-8b3a-afeb-28d38f02da2a', 13, (SELECT id FROM operation_catalog WHERE code = 'PAINT_SUBFRAME'), 2.0, 'SUBFRAME', 'PAINT SUBFRAME: RUB, PRIME, SEAL AND PAINT'),
  ('13c5e1b1-1002-a2c7-8503-95dbaa2b571d', 'd68f1f67-38b0-8b3a-afeb-28d38f02da2a', 14, (SELECT id FROM operation_catalog WHERE code = 'PAINT_PREP_RUB'), 5.0, 'BODY', 'TIPPER BODY PAINT PREP & RUBBING'),
  ('5d76147b-45ad-1935-8766-92cffb47f33f', 'd68f1f67-38b0-8b3a-afeb-28d38f02da2a', 15, (SELECT id FROM operation_catalog WHERE code = 'PAINT_PRIME_SEAL'), 5.0, 'BODY', 'PRIME 2 PAC, AND SEAL'),
  ('8aceadfe-df0f-84e6-ae12-5ac532642aca', 'd68f1f67-38b0-8b3a-afeb-28d38f02da2a', 16, (SELECT id FROM operation_catalog WHERE code = 'PAINT_FINAL'), 4.0, 'BODY', 'FINAL PAINT'),
  ('fd7c6e88-9545-3a27-8cfa-7000bce388f2', 'd68f1f67-38b0-8b3a-afeb-28d38f02da2a', 17, (SELECT id FROM operation_catalog WHERE code = 'PAINT_UNDERSIDE'), 1.5, 'BODY', 'UNDERSIDE BLACK AND TOUCH UP')
ON CONFLICT (id) DO NOTHING;

-- TP42F-T600S300 (66.0 h, 17 ops)
INSERT INTO template_operations (id, template_version_id, sequence, operation_id, estimated_hours, flow_track, notes)
VALUES
  ('c580e815-5479-58d7-f922-85b74f7b002b', 'd9223e72-ab0c-b5e8-a72c-1b363b2b93eb', 1, (SELECT id FROM operation_catalog WHERE code = 'MAT_PROC_CNC'), 8.0, 'BODY', 'MATERIAL PROCESSING/CNC'),
  ('2d12f5dd-b786-e700-5b28-15dc7daf9690', 'd9223e72-ab0c-b5e8-a72c-1b363b2b93eb', 2, (SELECT id FROM operation_catalog WHERE code = 'MFR_SUBFRAME'), 3.0, 'SUBFRAME', 'MANUFACTURE SUBFRAME'),
  ('13cce8ec-c618-163f-26ec-cd14de829e0d', 'd9223e72-ab0c-b5e8-a72c-1b363b2b93eb', 3, (SELECT id FROM operation_catalog WHERE code = 'MFR_BASE'), 4.0, 'BODY', 'MANUFACTURE BASE'),
  ('ca391e4b-e515-2695-0d88-c0bc9397a576', 'd9223e72-ab0c-b5e8-a72c-1b363b2b93eb', 4, (SELECT id FROM operation_catalog WHERE code = 'MFR_HEADBOARD'), 2.5, 'BODY', 'MANUFACTURE HEADBOARD'),
  ('fcdf31eb-e4bb-b3b8-3fee-a9dcdacfbf9c', 'd9223e72-ab0c-b5e8-a72c-1b363b2b93eb', 5, (SELECT id FROM operation_catalog WHERE code = 'MFR_DROPSIDES'), 5.0, 'BODY', 'MANUFACTURE 450MM DROPSIDES (2 QTY) + TAILGATE (1 QTY)'),
  ('f61d56fd-da50-a644-368b-56d57437c0f3', 'd9223e72-ab0c-b5e8-a72c-1b363b2b93eb', 6, (SELECT id FROM operation_catalog WHERE code = 'FAB_LINE_ASSY'), 8.0, 'BODY', 'FABRICATION LINE ASSEMBLY'),
  ('7856f5d6-e4ff-4f7d-4283-1e97b8818669', 'd9223e72-ab0c-b5e8-a72c-1b363b2b93eb', 7, (SELECT id FROM operation_catalog WHERE code = 'SUBFRAME_PTO_HYD'), 2.5, 'SUBFRAME', 'SUBFRAME PTO & HYDRAULICS FITOUT'),
  ('25c1b056-8835-bd5a-30a6-7ba1bd848ae7', 'd9223e72-ab0c-b5e8-a72c-1b363b2b93eb', 8, (SELECT id FROM operation_catalog WHERE code = 'BODY_FITOUT'), 1.5, 'BODY', 'BODY FITOUT'),
  ('121deaa0-dea6-a979-f6af-bc1a8036942a', 'd9223e72-ab0c-b5e8-a72c-1b363b2b93eb', 9, (SELECT id FROM operation_catalog WHERE code = 'CHASSIS_PREP_FLITCH'), 5.0, 'CHASSIS', 'CHASSIS PREP: FLITCH PLATES AND PLASTICS; ELECTRICAL PREP'),
  ('d7ba43a7-b734-bfe5-f6b4-377b32ba6521', 'd9223e72-ab0c-b5e8-a72c-1b363b2b93eb', 10, (SELECT id FROM operation_catalog WHERE code = 'FITMENT_INSTALL'), 7.5, 'CHASSIS', 'FITMENT: TIPPER INSTALL AND WELDDOWN, FIT MUD FLAPS'),
  ('96776559-a737-ea50-6db0-c529598c5bdc', 'd9223e72-ab0c-b5e8-a72c-1b363b2b93eb', 11, (SELECT id FROM operation_catalog WHERE code = 'WIRING_LIGHTS'), 0.5, 'BODY', 'TIPPER WIRING OF CLEARANCE LIGHTS AND TAILLIGHTS'),
  ('5e9fa294-eab8-3bd4-7225-337465d91cad', 'd9223e72-ab0c-b5e8-a72c-1b363b2b93eb', 12, (SELECT id FROM operation_catalog WHERE code = 'BLUE_PLATE_QC'), 1.0, 'BODY', 'BLUE PLATE AND FINAL QC'),
  ('9d6afd70-6e37-4d75-a610-31a9a89789d2', 'd9223e72-ab0c-b5e8-a72c-1b363b2b93eb', 13, (SELECT id FROM operation_catalog WHERE code = 'PAINT_SUBFRAME'), 2.0, 'SUBFRAME', 'PAINT SUBFRAME: RUB, PRIME, SEAL AND PAINT'),
  ('945c0daa-a4ad-932d-afc8-ac5c995a5c73', 'd9223e72-ab0c-b5e8-a72c-1b363b2b93eb', 14, (SELECT id FROM operation_catalog WHERE code = 'PAINT_PREP_RUB'), 5.0, 'BODY', 'TIPPER BODY PAINT PREP & RUBBING'),
  ('d699c53d-0e07-1033-bf6d-b034fb292db4', 'd9223e72-ab0c-b5e8-a72c-1b363b2b93eb', 15, (SELECT id FROM operation_catalog WHERE code = 'PAINT_PRIME_SEAL'), 5.0, 'BODY', 'PRIME 2 PAC, AND SEAL'),
  ('ac642130-1fee-fe96-0456-c4d2af82199b', 'd9223e72-ab0c-b5e8-a72c-1b363b2b93eb', 16, (SELECT id FROM operation_catalog WHERE code = 'PAINT_FINAL'), 4.0, 'BODY', 'FINAL PAINT'),
  ('cc76ab58-014e-feff-06c1-ac65dd20b2ba', 'd9223e72-ab0c-b5e8-a72c-1b363b2b93eb', 17, (SELECT id FROM operation_catalog WHERE code = 'PAINT_UNDERSIDE'), 1.5, 'BODY', 'UNDERSIDE BLACK AND TOUCH UP')
ON CONFLICT (id) DO NOTHING;

-- TP46F (66.0 h, 17 ops)
INSERT INTO template_operations (id, template_version_id, sequence, operation_id, estimated_hours, flow_track, notes)
VALUES
  ('fd17de7b-7379-9eda-e00e-67d66d6bd105', '33765920-78ce-9b25-4115-ae3d70e55329', 1, (SELECT id FROM operation_catalog WHERE code = 'MAT_PROC_CNC'), 8.0, 'BODY', 'MATERIAL PROCESSING/CNC'),
  ('9de45f04-cdd0-faf9-ec69-132da3f0b691', '33765920-78ce-9b25-4115-ae3d70e55329', 2, (SELECT id FROM operation_catalog WHERE code = 'MFR_SUBFRAME'), 3.0, 'SUBFRAME', 'MANUFACTURE SUBFRAME'),
  ('0ef671e6-b340-03de-b3f5-e6f57a04705b', '33765920-78ce-9b25-4115-ae3d70e55329', 3, (SELECT id FROM operation_catalog WHERE code = 'MFR_BASE'), 4.0, 'BODY', 'MANUFACTURE BASE'),
  ('5b0a8e20-8dcf-a731-e81c-0b4ec4e67c8b', '33765920-78ce-9b25-4115-ae3d70e55329', 4, (SELECT id FROM operation_catalog WHERE code = 'MFR_HEADBOARD'), 2.5, 'BODY', 'MANUFACTURE HEADBOARD'),
  ('fecbf28a-3e64-717d-d021-542fa0418754', '33765920-78ce-9b25-4115-ae3d70e55329', 5, (SELECT id FROM operation_catalog WHERE code = 'MFR_DROPSIDES'), 5.0, 'BODY', 'MANUFACTURE 450MM DROPSIDES (2 QTY) + TAILGATE (1 QTY)'),
  ('e8e75ad7-a93f-578b-4714-c13f3c2a45d9', '33765920-78ce-9b25-4115-ae3d70e55329', 6, (SELECT id FROM operation_catalog WHERE code = 'FAB_LINE_ASSY'), 8.0, 'BODY', 'FABRICATION LINE ASSEMBLY'),
  ('13e289e0-5649-ea93-5310-ff98a2d3edaa', '33765920-78ce-9b25-4115-ae3d70e55329', 7, (SELECT id FROM operation_catalog WHERE code = 'SUBFRAME_PTO_HYD'), 2.5, 'SUBFRAME', 'SUBFRAME PTO & HYDRAULICS FITOUT'),
  ('822d2a56-3a92-3b90-ae37-fa40b8091301', '33765920-78ce-9b25-4115-ae3d70e55329', 8, (SELECT id FROM operation_catalog WHERE code = 'BODY_FITOUT'), 1.5, 'BODY', 'BODY FITOUT'),
  ('de91250b-5dfd-ae5b-3055-fae410880d79', '33765920-78ce-9b25-4115-ae3d70e55329', 9, (SELECT id FROM operation_catalog WHERE code = 'CHASSIS_PREP_FLITCH'), 5.0, 'CHASSIS', 'CHASSIS PREP: FLITCH PLATES AND PLASTICS; ELECTRICAL PREP'),
  ('a7b5931f-0c6b-6d12-bc6e-11c54f40c81f', '33765920-78ce-9b25-4115-ae3d70e55329', 10, (SELECT id FROM operation_catalog WHERE code = 'FITMENT_INSTALL'), 7.5, 'CHASSIS', 'FITMENT: TIPPER INSTALL AND WELDDOWN, FIT MUD FLAPS'),
  ('f2de73f6-6894-fe71-7766-20a2c6a8d48d', '33765920-78ce-9b25-4115-ae3d70e55329', 11, (SELECT id FROM operation_catalog WHERE code = 'WIRING_LIGHTS'), 0.5, 'BODY', 'TIPPER WIRING OF CLEARANCE LIGHTS AND TAILLIGHTS'),
  ('316d92bd-e3fb-b001-12c6-f27217a97a69', '33765920-78ce-9b25-4115-ae3d70e55329', 12, (SELECT id FROM operation_catalog WHERE code = 'BLUE_PLATE_QC'), 1.0, 'BODY', 'BLUE PLATE AND FINAL QC'),
  ('56184b42-a31a-6a1e-7d87-3124fc84c630', '33765920-78ce-9b25-4115-ae3d70e55329', 13, (SELECT id FROM operation_catalog WHERE code = 'PAINT_SUBFRAME'), 2.0, 'SUBFRAME', 'PAINT SUBFRAME: RUB, PRIME, SEAL AND PAINT'),
  ('dea05583-c3f9-bf5f-a50e-d3b0b609f4c7', '33765920-78ce-9b25-4115-ae3d70e55329', 14, (SELECT id FROM operation_catalog WHERE code = 'PAINT_PREP_RUB'), 5.0, 'BODY', 'TIPPER BODY PAINT PREP & RUBBING'),
  ('6684a749-6cd1-f73b-978d-de120cc0527c', '33765920-78ce-9b25-4115-ae3d70e55329', 15, (SELECT id FROM operation_catalog WHERE code = 'PAINT_PRIME_SEAL'), 5.0, 'BODY', 'PRIME 2 PAC, AND SEAL'),
  ('a4d934b3-1d69-1507-631b-919cf49a5413', '33765920-78ce-9b25-4115-ae3d70e55329', 16, (SELECT id FROM operation_catalog WHERE code = 'PAINT_FINAL'), 4.0, 'BODY', 'FINAL PAINT'),
  ('906db44a-fc4c-1329-d2de-b789908db6b7', '33765920-78ce-9b25-4115-ae3d70e55329', 17, (SELECT id FROM operation_catalog WHERE code = 'PAINT_UNDERSIDE'), 1.5, 'BODY', 'UNDERSIDE BLACK AND TOUCH UP')
ON CONFLICT (id) DO NOTHING;

-- TP46F-T600 (66.0 h, 17 ops)
INSERT INTO template_operations (id, template_version_id, sequence, operation_id, estimated_hours, flow_track, notes)
VALUES
  ('22102b94-d9d3-c5e0-2c2f-248258bd9040', '63d0ae3d-c9d2-aea4-205a-ce01865ef5df', 1, (SELECT id FROM operation_catalog WHERE code = 'MAT_PROC_CNC'), 8.0, 'BODY', 'MATERIAL PROCESSING/CNC'),
  ('84383026-920e-a4d3-9dfb-9c799d298e9c', '63d0ae3d-c9d2-aea4-205a-ce01865ef5df', 2, (SELECT id FROM operation_catalog WHERE code = 'MFR_SUBFRAME'), 3.0, 'SUBFRAME', 'MANUFACTURE SUBFRAME'),
  ('00bacbde-4a4a-3b67-2bd1-675b14a50243', '63d0ae3d-c9d2-aea4-205a-ce01865ef5df', 3, (SELECT id FROM operation_catalog WHERE code = 'MFR_BASE'), 4.0, 'BODY', 'MANUFACTURE BASE'),
  ('14d7480d-8ed1-50d6-8ce0-c82901480818', '63d0ae3d-c9d2-aea4-205a-ce01865ef5df', 4, (SELECT id FROM operation_catalog WHERE code = 'MFR_HEADBOARD'), 2.5, 'BODY', 'MANUFACTURE HEADBOARD'),
  ('22dd03c7-3663-3558-5d3b-59fd9e7e39de', '63d0ae3d-c9d2-aea4-205a-ce01865ef5df', 5, (SELECT id FROM operation_catalog WHERE code = 'MFR_DROPSIDES'), 5.0, 'BODY', 'MANUFACTURE 450MM DROPSIDES (2 QTY) + TAILGATE (1 QTY)'),
  ('a3a9351a-3b65-de56-31f1-fcbcdc99afb8', '63d0ae3d-c9d2-aea4-205a-ce01865ef5df', 6, (SELECT id FROM operation_catalog WHERE code = 'FAB_LINE_ASSY'), 8.0, 'BODY', 'FABRICATION LINE ASSEMBLY'),
  ('d556a32f-dfa5-0f5c-16b4-bfd86dbbcce3', '63d0ae3d-c9d2-aea4-205a-ce01865ef5df', 7, (SELECT id FROM operation_catalog WHERE code = 'SUBFRAME_PTO_HYD'), 2.5, 'SUBFRAME', 'SUBFRAME PTO & HYDRAULICS FITOUT'),
  ('ca2b4368-080a-e851-f6b4-3c7ffb656980', '63d0ae3d-c9d2-aea4-205a-ce01865ef5df', 8, (SELECT id FROM operation_catalog WHERE code = 'BODY_FITOUT'), 1.5, 'BODY', 'BODY FITOUT'),
  ('3b462b75-5684-0ebd-b382-c7340a47a90b', '63d0ae3d-c9d2-aea4-205a-ce01865ef5df', 9, (SELECT id FROM operation_catalog WHERE code = 'CHASSIS_PREP_FLITCH'), 5.0, 'CHASSIS', 'CHASSIS PREP: FLITCH PLATES AND PLASTICS; ELECTRICAL PREP'),
  ('fd6cdaa0-7813-2c91-2e4c-c7f864028d00', '63d0ae3d-c9d2-aea4-205a-ce01865ef5df', 10, (SELECT id FROM operation_catalog WHERE code = 'FITMENT_INSTALL'), 7.5, 'CHASSIS', 'FITMENT: TIPPER INSTALL AND WELDDOWN, FIT MUD FLAPS'),
  ('cfc0b9ae-6b15-6101-c7f2-41993a932c94', '63d0ae3d-c9d2-aea4-205a-ce01865ef5df', 11, (SELECT id FROM operation_catalog WHERE code = 'WIRING_LIGHTS'), 0.5, 'BODY', 'TIPPER WIRING OF CLEARANCE LIGHTS AND TAILLIGHTS'),
  ('7280be7a-6de6-ed29-475a-63f7d93a1e01', '63d0ae3d-c9d2-aea4-205a-ce01865ef5df', 12, (SELECT id FROM operation_catalog WHERE code = 'BLUE_PLATE_QC'), 1.0, 'BODY', 'BLUE PLATE AND FINAL QC'),
  ('c6a4f15a-07de-f28d-ea0c-18e3e6b48029', '63d0ae3d-c9d2-aea4-205a-ce01865ef5df', 13, (SELECT id FROM operation_catalog WHERE code = 'PAINT_SUBFRAME'), 2.0, 'SUBFRAME', 'PAINT SUBFRAME: RUB, PRIME, SEAL AND PAINT'),
  ('186fd5a9-cbeb-8196-9325-bd33eaf19018', '63d0ae3d-c9d2-aea4-205a-ce01865ef5df', 14, (SELECT id FROM operation_catalog WHERE code = 'PAINT_PREP_RUB'), 5.0, 'BODY', 'TIPPER BODY PAINT PREP & RUBBING'),
  ('635b53e1-7a46-4324-66d3-5cb919da6d95', '63d0ae3d-c9d2-aea4-205a-ce01865ef5df', 15, (SELECT id FROM operation_catalog WHERE code = 'PAINT_PRIME_SEAL'), 5.0, 'BODY', 'PRIME 2 PAC, AND SEAL'),
  ('aa17535b-d0a9-b8b3-f8f1-a3ebe3775bfe', '63d0ae3d-c9d2-aea4-205a-ce01865ef5df', 16, (SELECT id FROM operation_catalog WHERE code = 'PAINT_FINAL'), 4.0, 'BODY', 'FINAL PAINT'),
  ('4016be95-0790-b0da-32a2-b3927a92a618', '63d0ae3d-c9d2-aea4-205a-ce01865ef5df', 17, (SELECT id FROM operation_catalog WHERE code = 'PAINT_UNDERSIDE'), 1.5, 'BODY', 'UNDERSIDE BLACK AND TOUCH UP')
ON CONFLICT (id) DO NOTHING;

-- TP46F-T600S300 (66.0 h, 17 ops)
INSERT INTO template_operations (id, template_version_id, sequence, operation_id, estimated_hours, flow_track, notes)
VALUES
  ('0fc572f9-f6c9-40ce-807e-bde5c14b5c34', '7db918fe-5f23-bb72-5fe8-1250f79f3112', 1, (SELECT id FROM operation_catalog WHERE code = 'MAT_PROC_CNC'), 8.0, 'BODY', 'MATERIAL PROCESSING/CNC'),
  ('5e4d9746-f34d-d9fd-e8d2-2dddb1fd5981', '7db918fe-5f23-bb72-5fe8-1250f79f3112', 2, (SELECT id FROM operation_catalog WHERE code = 'MFR_SUBFRAME'), 3.0, 'SUBFRAME', 'MANUFACTURE SUBFRAME'),
  ('ecf34208-7268-3568-24b7-f6949dd578e9', '7db918fe-5f23-bb72-5fe8-1250f79f3112', 3, (SELECT id FROM operation_catalog WHERE code = 'MFR_BASE'), 4.0, 'BODY', 'MANUFACTURE BASE'),
  ('e3213660-9ce5-cb5f-7035-20345c0b8bd8', '7db918fe-5f23-bb72-5fe8-1250f79f3112', 4, (SELECT id FROM operation_catalog WHERE code = 'MFR_HEADBOARD'), 2.5, 'BODY', 'MANUFACTURE HEADBOARD'),
  ('ee6648a2-a7f0-0a1c-aa3b-80281aee63c9', '7db918fe-5f23-bb72-5fe8-1250f79f3112', 5, (SELECT id FROM operation_catalog WHERE code = 'MFR_DROPSIDES'), 5.0, 'BODY', 'MANUFACTURE 450MM DROPSIDES (2 QTY) + TAILGATE (1 QTY)'),
  ('f1fc3869-69ea-fd53-3758-4fba2c0a2214', '7db918fe-5f23-bb72-5fe8-1250f79f3112', 6, (SELECT id FROM operation_catalog WHERE code = 'FAB_LINE_ASSY'), 8.0, 'BODY', 'FABRICATION LINE ASSEMBLY'),
  ('ef90acda-bec3-537f-8aec-2f895730b179', '7db918fe-5f23-bb72-5fe8-1250f79f3112', 7, (SELECT id FROM operation_catalog WHERE code = 'SUBFRAME_PTO_HYD'), 2.5, 'SUBFRAME', 'SUBFRAME PTO & HYDRAULICS FITOUT'),
  ('e32179fb-d3f4-3a2e-047b-fb3895edb218', '7db918fe-5f23-bb72-5fe8-1250f79f3112', 8, (SELECT id FROM operation_catalog WHERE code = 'BODY_FITOUT'), 1.5, 'BODY', 'BODY FITOUT'),
  ('03310d82-0a1b-f0ea-42aa-8d66df0cf6b1', '7db918fe-5f23-bb72-5fe8-1250f79f3112', 9, (SELECT id FROM operation_catalog WHERE code = 'CHASSIS_PREP_FLITCH'), 5.0, 'CHASSIS', 'CHASSIS PREP: FLITCH PLATES AND PLASTICS; ELECTRICAL PREP'),
  ('da469e3e-8e10-e721-01de-ff6ae1985887', '7db918fe-5f23-bb72-5fe8-1250f79f3112', 10, (SELECT id FROM operation_catalog WHERE code = 'FITMENT_INSTALL'), 7.5, 'CHASSIS', 'FITMENT: TIPPER INSTALL AND WELDDOWN, FIT MUD FLAPS'),
  ('a7b6a2ca-1bea-a632-70f6-66359fcf0bf0', '7db918fe-5f23-bb72-5fe8-1250f79f3112', 11, (SELECT id FROM operation_catalog WHERE code = 'WIRING_LIGHTS'), 0.5, 'BODY', 'TIPPER WIRING OF CLEARANCE LIGHTS AND TAILLIGHTS'),
  ('71a18548-eec8-747f-aa19-b78c08f90b33', '7db918fe-5f23-bb72-5fe8-1250f79f3112', 12, (SELECT id FROM operation_catalog WHERE code = 'BLUE_PLATE_QC'), 1.0, 'BODY', 'BLUE PLATE AND FINAL QC'),
  ('cf7decfc-ce98-a157-ee8a-a089e330d38f', '7db918fe-5f23-bb72-5fe8-1250f79f3112', 13, (SELECT id FROM operation_catalog WHERE code = 'PAINT_SUBFRAME'), 2.0, 'SUBFRAME', 'PAINT SUBFRAME: RUB, PRIME, SEAL AND PAINT'),
  ('dd26f72c-4608-de09-3231-d902f58d46a6', '7db918fe-5f23-bb72-5fe8-1250f79f3112', 14, (SELECT id FROM operation_catalog WHERE code = 'PAINT_PREP_RUB'), 5.0, 'BODY', 'TIPPER BODY PAINT PREP & RUBBING'),
  ('07f3e3cd-6143-66b2-3797-c8b6a77b2129', '7db918fe-5f23-bb72-5fe8-1250f79f3112', 15, (SELECT id FROM operation_catalog WHERE code = 'PAINT_PRIME_SEAL'), 5.0, 'BODY', 'PRIME 2 PAC, AND SEAL'),
  ('9a587884-d2aa-07e3-63b7-f98e2e79bece', '7db918fe-5f23-bb72-5fe8-1250f79f3112', 16, (SELECT id FROM operation_catalog WHERE code = 'PAINT_FINAL'), 4.0, 'BODY', 'FINAL PAINT'),
  ('cd0aa0c1-1952-10b7-1845-966993e12193', '7db918fe-5f23-bb72-5fe8-1250f79f3112', 17, (SELECT id FROM operation_catalog WHERE code = 'PAINT_UNDERSIDE'), 1.5, 'BODY', 'UNDERSIDE BLACK AND TOUCH UP')
ON CONFLICT (id) DO NOTHING;

-- TP48F (64.0 h, 14 ops)
INSERT INTO template_operations (id, template_version_id, sequence, operation_id, estimated_hours, flow_track, notes)
VALUES
  ('15bd30b9-381f-4763-a333-ec12bbbd178d', 'f6671287-c12e-238a-a05a-e682aa780045', 1, (SELECT id FROM operation_catalog WHERE code = 'MAT_PROC_CNC'), 8.0, 'BODY', 'MATERIAL PROCESSING/CNC'),
  ('a85e06dc-4ac2-03d4-9fa8-647864d38059', 'f6671287-c12e-238a-a05a-e682aa780045', 2, (SELECT id FROM operation_catalog WHERE code = 'MFR_SUBFRAME'), 3.0, 'SUBFRAME', 'MANUFACTURE SUBFRAME'),
  ('585520e8-f00c-6199-6700-c671d25e90f5', 'f6671287-c12e-238a-a05a-e682aa780045', 3, (SELECT id FROM operation_catalog WHERE code = 'MFR_TAILGATE'), 5.0, 'SUBFRAME', 'MANUFACTURE 800MM TAILGATE'),
  ('fc1047eb-8915-add7-e5cc-6256a0a0e79d', 'f6671287-c12e-238a-a05a-e682aa780045', 4, (SELECT id FROM operation_catalog WHERE code = 'FAB_LINE_ASSY'), 8.0, 'BODY', 'FABRICATION LINE ASSEMBLY'),
  ('ba7d63ec-19b4-98b6-6c05-73b00f9f5471', 'f6671287-c12e-238a-a05a-e682aa780045', 5, (SELECT id FROM operation_catalog WHERE code = 'SUBFRAME_PTO_HYD'), 2.5, 'SUBFRAME', 'SUBFRAME PTO & HYDRAULICS FITOUT'),
  ('4dcfa664-a7cd-dc0b-bbf2-0ed9839cabb9', 'f6671287-c12e-238a-a05a-e682aa780045', 6, (SELECT id FROM operation_catalog WHERE code = 'BODY_FITOUT'), 1.5, 'BODY', 'BODY FITOUT'),
  ('fe39b656-1b25-f481-b3da-702e65f22329', 'f6671287-c12e-238a-a05a-e682aa780045', 7, (SELECT id FROM operation_catalog WHERE code = 'CHASSIS_PREP_FLITCH'), 5.0, 'CHASSIS', 'CHASSIS PREP: FLITCH PLATES AND PLASTICS; ELECTRICAL PREP'),
  ('377671c3-7de5-faab-25df-3fa26370f30a', 'f6671287-c12e-238a-a05a-e682aa780045', 8, (SELECT id FROM operation_catalog WHERE code = 'FITMENT_INSTALL'), 7.5, 'CHASSIS', 'FITMENT: TIPPER INSTALL AND WELDDOWN, FIT MUD FLAPS'),
  ('d5937024-991f-ede8-4be4-7fd3f847c315', 'f6671287-c12e-238a-a05a-e682aa780045', 9, (SELECT id FROM operation_catalog WHERE code = 'WIRING_LIGHTS'), 0.5, 'BODY', 'TIPPER WIRING OF CLEARANCE LIGHTS AND TAILLIGHTS'),
  ('0b2b91d9-7502-5104-93fd-be7f20030832', 'f6671287-c12e-238a-a05a-e682aa780045', 10, (SELECT id FROM operation_catalog WHERE code = 'BLUE_PLATE_QC'), 1.0, 'BODY', 'BLUE PLATE AND FINAL QC'),
  ('8c3adc13-e1c5-8c87-a814-8c8a279ce404', 'f6671287-c12e-238a-a05a-e682aa780045', 11, (SELECT id FROM operation_catalog WHERE code = 'PAINT_SUBFRAME'), 2.0, 'SUBFRAME', 'PAINT SUBFRAME: RUB, PRIME, SEAL AND PAINT'),
  ('6312669c-7910-5a13-489c-529771ea0123', 'f6671287-c12e-238a-a05a-e682aa780045', 12, (SELECT id FROM operation_catalog WHERE code = 'PAINT_PREP_RUB'), 7.0, 'BODY', 'TIPPER BODY PAINT PREP & RUBBING'),
  ('da1bf59d-3306-bf40-babc-b54ff2941598', 'f6671287-c12e-238a-a05a-e682aa780045', 13, (SELECT id FROM operation_catalog WHERE code = 'PAINT_PRIME_SEAL'), 5.0, 'BODY', 'PRIME 2 PAC, SEAL & RUB'),
  ('a1c67e33-af45-ab9d-e634-8b4565212ada', 'f6671287-c12e-238a-a05a-e682aa780045', 14, (SELECT id FROM operation_catalog WHERE code = 'PAINT_FINAL'), 8.0, 'BODY', 'FINAL PAINT')
ON CONFLICT (id) DO NOTHING;

-- TP51F (64.0 h, 14 ops)
INSERT INTO template_operations (id, template_version_id, sequence, operation_id, estimated_hours, flow_track, notes)
VALUES
  ('f3eb16de-d7cc-c407-cc86-020ffbbc2a80', 'ea8027b7-373b-554d-5cd5-d49d8eaa61ce', 1, (SELECT id FROM operation_catalog WHERE code = 'MAT_PROC_CNC'), 8.0, 'BODY', 'MATERIAL PROCESSING/CNC'),
  ('e1cb6290-a2bf-d01c-d312-0bcf10005cce', 'ea8027b7-373b-554d-5cd5-d49d8eaa61ce', 2, (SELECT id FROM operation_catalog WHERE code = 'MFR_SUBFRAME'), 3.0, 'SUBFRAME', 'MANUFACTURE SUBFRAME'),
  ('0b13d5e3-aa96-0d40-2c40-64c2661d280f', 'ea8027b7-373b-554d-5cd5-d49d8eaa61ce', 3, (SELECT id FROM operation_catalog WHERE code = 'MFR_TAILGATE'), 5.0, 'SUBFRAME', 'MANUFACTURE 1000MM TAILGATE'),
  ('b2fe8207-bb93-1bb4-b0d2-63c851700a4c', 'ea8027b7-373b-554d-5cd5-d49d8eaa61ce', 4, (SELECT id FROM operation_catalog WHERE code = 'FAB_LINE_ASSY'), 8.0, 'BODY', 'FABRICATION LINE ASSEMBLY'),
  ('7885295e-52aa-b815-cd69-cc9406bbd864', 'ea8027b7-373b-554d-5cd5-d49d8eaa61ce', 5, (SELECT id FROM operation_catalog WHERE code = 'SUBFRAME_PTO_HYD'), 2.5, 'SUBFRAME', 'SUBFRAME PTO & HYDRAULICS FITOUT'),
  ('bcc47f24-41aa-59bd-cd20-b3749a6d07c9', 'ea8027b7-373b-554d-5cd5-d49d8eaa61ce', 6, (SELECT id FROM operation_catalog WHERE code = 'BODY_FITOUT'), 1.5, 'BODY', 'BODY FITOUT'),
  ('261742c6-a49b-2d2f-9e27-060e2aa868ed', 'ea8027b7-373b-554d-5cd5-d49d8eaa61ce', 7, (SELECT id FROM operation_catalog WHERE code = 'CHASSIS_PREP_FLITCH'), 5.0, 'CHASSIS', 'CHASSIS PREP: FLITCH PLATES AND PLASTICS; ELECTRICAL PREP'),
  ('6ea0cb09-60d6-f626-0c6d-04027e2fd984', 'ea8027b7-373b-554d-5cd5-d49d8eaa61ce', 8, (SELECT id FROM operation_catalog WHERE code = 'FITMENT_INSTALL'), 7.5, 'CHASSIS', 'FITMENT: TIPPER INSTALL AND WELDDOWN, FIT MUD FLAPS'),
  ('01bcbf88-ef3e-8144-bce7-a0bf76ecabee', 'ea8027b7-373b-554d-5cd5-d49d8eaa61ce', 9, (SELECT id FROM operation_catalog WHERE code = 'WIRING_LIGHTS'), 0.5, 'BODY', 'TIPPER WIRING OF CLEARANCE LIGHTS AND TAILLIGHTS'),
  ('a425cda7-3b9a-a8de-7996-d44720ef6557', 'ea8027b7-373b-554d-5cd5-d49d8eaa61ce', 10, (SELECT id FROM operation_catalog WHERE code = 'BLUE_PLATE_QC'), 1.0, 'BODY', 'BLUE PLATE AND FINAL QC'),
  ('80b9bcaf-f9b0-74d2-808a-f3803cf1aadc', 'ea8027b7-373b-554d-5cd5-d49d8eaa61ce', 11, (SELECT id FROM operation_catalog WHERE code = 'PAINT_SUBFRAME'), 2.0, 'SUBFRAME', 'PAINT SUBFRAME: RUB, PRIME, SEAL AND PAINT'),
  ('8194381f-cb38-4af7-fca0-05fe8aa0ba5b', 'ea8027b7-373b-554d-5cd5-d49d8eaa61ce', 12, (SELECT id FROM operation_catalog WHERE code = 'PAINT_PREP_RUB'), 7.0, 'BODY', 'TIPPER BODY PAINT PREP & RUBBING'),
  ('f8db162e-72d6-16a1-4898-6608015bea79', 'ea8027b7-373b-554d-5cd5-d49d8eaa61ce', 13, (SELECT id FROM operation_catalog WHERE code = 'PAINT_PRIME_SEAL'), 5.0, 'BODY', 'PRIME 2 PAC, SEAL & RUB'),
  ('ab86cba4-f6ab-2e2f-9947-9f613c9281cf', 'ea8027b7-373b-554d-5cd5-d49d8eaa61ce', 14, (SELECT id FROM operation_catalog WHERE code = 'PAINT_FINAL'), 8.0, 'BODY', 'FINAL PAINT')
ON CONFLICT (id) DO NOTHING;

-- TP55F (64.0 h, 14 ops)
INSERT INTO template_operations (id, template_version_id, sequence, operation_id, estimated_hours, flow_track, notes)
VALUES
  ('dbfd7831-1a32-4452-2e04-abf7d01fc20e', 'd89a313d-5c5e-0338-18b1-f036b3b7b425', 1, (SELECT id FROM operation_catalog WHERE code = 'MAT_PROC_CNC'), 8.0, 'BODY', 'MATERIAL PROCESSING/CNC'),
  ('b433e215-0503-0be8-5a86-2aef99ac4396', 'd89a313d-5c5e-0338-18b1-f036b3b7b425', 2, (SELECT id FROM operation_catalog WHERE code = 'MFR_SUBFRAME'), 3.0, 'SUBFRAME', 'MANUFACTURE SUBFRAME'),
  ('64803dc9-f8f1-576b-4c52-2e6e4832f8f7', 'd89a313d-5c5e-0338-18b1-f036b3b7b425', 3, (SELECT id FROM operation_catalog WHERE code = 'MFR_TAILGATE'), 5.0, 'SUBFRAME', 'MANUFACTURE 1200MM TAILGATE'),
  ('5e01d33f-4a60-7f5e-3499-4120c8b0f9cd', 'd89a313d-5c5e-0338-18b1-f036b3b7b425', 4, (SELECT id FROM operation_catalog WHERE code = 'FAB_LINE_ASSY'), 8.0, 'BODY', 'FABRICATION LINE ASSEMBLY'),
  ('257ee5c5-9eb4-f097-06ae-5dfea9b29d5d', 'd89a313d-5c5e-0338-18b1-f036b3b7b425', 5, (SELECT id FROM operation_catalog WHERE code = 'SUBFRAME_PTO_HYD'), 2.5, 'SUBFRAME', 'SUBFRAME PTO & HYDRAULICS FITOUT'),
  ('5301be6f-9794-c6f8-6b75-5d0d56d48f85', 'd89a313d-5c5e-0338-18b1-f036b3b7b425', 6, (SELECT id FROM operation_catalog WHERE code = 'BODY_FITOUT'), 1.5, 'BODY', 'BODY FITOUT'),
  ('a125b528-bc91-51aa-1a07-c2b334b0b0a8', 'd89a313d-5c5e-0338-18b1-f036b3b7b425', 7, (SELECT id FROM operation_catalog WHERE code = 'CHASSIS_PREP_FLITCH'), 5.0, 'CHASSIS', 'CHASSIS PREP: FLITCH PLATES AND PLASTICS; ELECTRICAL PREP'),
  ('ef95cdc2-2b21-c596-f626-6fc76c12924f', 'd89a313d-5c5e-0338-18b1-f036b3b7b425', 8, (SELECT id FROM operation_catalog WHERE code = 'FITMENT_INSTALL'), 7.5, 'CHASSIS', 'FITMENT: TIPPER INSTALL AND WELDDOWN, FIT MUD FLAPS'),
  ('52e5cf3e-cc5b-ef51-2a13-50c6fe6b598f', 'd89a313d-5c5e-0338-18b1-f036b3b7b425', 9, (SELECT id FROM operation_catalog WHERE code = 'WIRING_LIGHTS'), 0.5, 'BODY', 'TIPPER WIRING OF CLEARANCE LIGHTS AND TAILLIGHTS'),
  ('8d5ad8c2-965e-4373-76de-ebc7641b9343', 'd89a313d-5c5e-0338-18b1-f036b3b7b425', 10, (SELECT id FROM operation_catalog WHERE code = 'BLUE_PLATE_QC'), 1.0, 'BODY', 'BLUE PLATE AND FINAL QC'),
  ('210bfc6b-429c-0862-a70c-e40d505fe1ef', 'd89a313d-5c5e-0338-18b1-f036b3b7b425', 11, (SELECT id FROM operation_catalog WHERE code = 'PAINT_SUBFRAME'), 2.0, 'SUBFRAME', 'PAINT SUBFRAME: RUB, PRIME, SEAL AND PAINT'),
  ('c59bb38b-d22e-0ab5-4e0e-d54d74e53e36', 'd89a313d-5c5e-0338-18b1-f036b3b7b425', 12, (SELECT id FROM operation_catalog WHERE code = 'PAINT_PREP_RUB'), 7.0, 'BODY', 'TIPPER BODY PAINT PREP & RUBBING'),
  ('5fcc6768-059b-7671-e3b5-6f730fc56e3f', 'd89a313d-5c5e-0338-18b1-f036b3b7b425', 13, (SELECT id FROM operation_catalog WHERE code = 'PAINT_PRIME_SEAL'), 5.0, 'BODY', 'PRIME 2 PAC, SEAL & RUB'),
  ('596012b8-2904-7c32-195f-783668b8f7ab', 'd89a313d-5c5e-0338-18b1-f036b3b7b425', 14, (SELECT id FROM operation_catalog WHERE code = 'PAINT_FINAL'), 8.0, 'BODY', 'FINAL PAINT')
ON CONFLICT (id) DO NOTHING;

-- TP66F (64.0 h, 14 ops)
INSERT INTO template_operations (id, template_version_id, sequence, operation_id, estimated_hours, flow_track, notes)
VALUES
  ('6ace821a-c521-b0da-54d4-cb177ddf090a', '51aa5f12-7a4e-b63a-dccb-b3987fc3fa30', 1, (SELECT id FROM operation_catalog WHERE code = 'MAT_PROC_CNC'), 8.0, 'BODY', 'MATERIAL PROCESSING/CNC'),
  ('a3763a8b-a752-6dc5-c5ee-1f32131e5dc8', '51aa5f12-7a4e-b63a-dccb-b3987fc3fa30', 2, (SELECT id FROM operation_catalog WHERE code = 'MFR_SUBFRAME'), 3.0, 'SUBFRAME', 'MANUFACTURE SUBFRAME'),
  ('5400666d-e9c8-591d-7bda-d492f8d0e5a7', '51aa5f12-7a4e-b63a-dccb-b3987fc3fa30', 3, (SELECT id FROM operation_catalog WHERE code = 'MFR_TAILGATE'), 5.0, 'SUBFRAME', 'MANUFACTURE 1200MM TAILGATE'),
  ('a9b04517-c093-db78-e7a1-36b2b64c93d8', '51aa5f12-7a4e-b63a-dccb-b3987fc3fa30', 4, (SELECT id FROM operation_catalog WHERE code = 'FAB_LINE_ASSY'), 8.0, 'BODY', 'FABRICATION LINE ASSEMBLY'),
  ('8cec9121-6a5b-938a-00cc-64371af15bf2', '51aa5f12-7a4e-b63a-dccb-b3987fc3fa30', 5, (SELECT id FROM operation_catalog WHERE code = 'SUBFRAME_PTO_HYD'), 2.5, 'SUBFRAME', 'SUBFRAME PTO & HYDRAULICS FITOUT'),
  ('f7e21fd9-804e-9b15-7ec8-16612def342d', '51aa5f12-7a4e-b63a-dccb-b3987fc3fa30', 6, (SELECT id FROM operation_catalog WHERE code = 'BODY_FITOUT'), 1.5, 'BODY', 'BODY FITOUT'),
  ('437630d1-41bf-3e5c-fabe-c48004bd346d', '51aa5f12-7a4e-b63a-dccb-b3987fc3fa30', 7, (SELECT id FROM operation_catalog WHERE code = 'CHASSIS_PREP_FLITCH'), 5.0, 'CHASSIS', 'CHASSIS PREP: FLITCH PLATES AND PLASTICS; ELECTRICAL PREP'),
  ('5065f7dd-a420-5246-fe7e-bc240e9ec4be', '51aa5f12-7a4e-b63a-dccb-b3987fc3fa30', 8, (SELECT id FROM operation_catalog WHERE code = 'FITMENT_INSTALL'), 7.5, 'CHASSIS', 'FITMENT: TIPPER INSTALL AND WELDDOWN, FIT MUD FLAPS'),
  ('2538421d-2bbb-0047-0909-b8bebce62966', '51aa5f12-7a4e-b63a-dccb-b3987fc3fa30', 9, (SELECT id FROM operation_catalog WHERE code = 'WIRING_LIGHTS'), 0.5, 'BODY', 'TIPPER WIRING OF CLEARANCE LIGHTS AND TAILLIGHTS'),
  ('682240cd-9b9f-bb63-df70-2c8ea171bf75', '51aa5f12-7a4e-b63a-dccb-b3987fc3fa30', 10, (SELECT id FROM operation_catalog WHERE code = 'BLUE_PLATE_QC'), 1.0, 'BODY', 'BLUE PLATE AND FINAL QC'),
  ('42eca263-bcd9-7449-4c9c-0077e94701f3', '51aa5f12-7a4e-b63a-dccb-b3987fc3fa30', 11, (SELECT id FROM operation_catalog WHERE code = 'PAINT_SUBFRAME'), 2.0, 'SUBFRAME', 'PAINT SUBFRAME: RUB, PRIME, SEAL AND PAINT'),
  ('284cc589-610b-d5e3-9b34-aa41193e33b9', '51aa5f12-7a4e-b63a-dccb-b3987fc3fa30', 12, (SELECT id FROM operation_catalog WHERE code = 'PAINT_PREP_RUB'), 7.0, 'BODY', 'TIPPER BODY PAINT PREP & RUBBING'),
  ('041306ed-5b5a-d70b-4666-e626978a532f', '51aa5f12-7a4e-b63a-dccb-b3987fc3fa30', 13, (SELECT id FROM operation_catalog WHERE code = 'PAINT_PRIME_SEAL'), 5.0, 'BODY', 'PRIME 2 PAC, SEAL & RUB'),
  ('0ca24bd3-1f28-48f6-fc27-694e0bdeea98', '51aa5f12-7a4e-b63a-dccb-b3987fc3fa30', 14, (SELECT id FROM operation_catalog WHERE code = 'PAINT_FINAL'), 8.0, 'BODY', 'FINAL PAINT')
ON CONFLICT (id) DO NOTHING;

-- CH29N (85.5 h, 16 ops)
INSERT INTO template_operations (id, template_version_id, sequence, operation_id, estimated_hours, flow_track, notes)
VALUES
  ('eef94d04-4be9-ad4c-1148-ba9fd5d99d9a', 'd299fdab-8fdd-1759-c162-e56741580713', 1, (SELECT id FROM operation_catalog WHERE code = 'MAT_PROC_CNC'), 8.0, 'BODY', 'MATERIAL PROCESSING/CNC'),
  ('b7cf1ecd-a841-15ef-def2-8f69f37448ab', 'd299fdab-8fdd-1759-c162-e56741580713', 2, (SELECT id FROM operation_catalog WHERE code = 'MFR_SUBFRAME'), 3.0, 'SUBFRAME', 'MANUFACTURE SUBFRAME'),
  ('52d4d026-e2fb-6af0-00a9-0d09dd636325', 'd299fdab-8fdd-1759-c162-e56741580713', 3, (SELECT id FROM operation_catalog WHERE code = 'MFR_TAILGATE'), 3.0, 'BODY', 'MANUFACTURE TAILGATE (SPLIT BARN STYLE)'),
  ('8eb9f191-b9b5-0388-9a0d-8fa059738cda', 'd299fdab-8fdd-1759-c162-e56741580713', 4, (SELECT id FROM operation_catalog WHERE code = 'MFR_TOOLBOX'), 7.5, 'BODY', 'MANUFACTURE P/SIDE CHIPPER TOOLBOX'),
  ('265a2a23-6126-16fd-60c3-2056f3b23b7e', 'd299fdab-8fdd-1759-c162-e56741580713', 5, (SELECT id FROM operation_catalog WHERE code = 'MFR_POLE_SAW_BOX'), 2.0, 'BODY', 'MANUFACTURE POLE SAW BOX COMPONENTS'),
  ('e6eae282-8a08-7bc4-6e44-78f0e593406a', 'd299fdab-8fdd-1759-c162-e56741580713', 6, (SELECT id FROM operation_catalog WHERE code = 'FAB_LINE_ASSY'), 14.0, 'BODY', 'FABRICATION LINE ASSEMBLY'),
  ('e9e035be-1948-502e-50f8-a385b3f9e749', 'd299fdab-8fdd-1759-c162-e56741580713', 7, (SELECT id FROM operation_catalog WHERE code = 'SUBFRAME_PTO_HYD'), 2.5, 'SUBFRAME', 'SUBFRAME PTO & HYDRAULICS FITOUT'),
  ('6677ae3b-c9cc-2d22-6007-644e910f13aa', 'd299fdab-8fdd-1759-c162-e56741580713', 8, (SELECT id FROM operation_catalog WHERE code = 'BODY_FITOUT'), 4.0, 'BODY', 'BODY FITOUT'),
  ('1dd1d258-ba2b-0f2a-2d53-37f65c02bdc5', 'd299fdab-8fdd-1759-c162-e56741580713', 9, (SELECT id FROM operation_catalog WHERE code = 'CHASSIS_PREP_FLITCH'), 5.0, 'CHASSIS', 'CHASSIS PREP: FLITCH PLATES AND PLASTICS; ELECTRICAL PREP'),
  ('17b8f098-e00f-a959-2569-7adc358cb08d', 'd299fdab-8fdd-1759-c162-e56741580713', 10, (SELECT id FROM operation_catalog WHERE code = 'FITMENT_INSTALL'), 7.5, 'BODY', 'FITMENT: INSTALL BODY AND WELDDOWN, FIT MUD FLAPS'),
  ('25161c0b-a2af-29a0-ad48-5ca6b37811c3', 'd299fdab-8fdd-1759-c162-e56741580713', 11, (SELECT id FROM operation_catalog WHERE code = 'WIRING_LIGHTS'), 1.0, 'BODY', 'WIRING OF CLEARANCE LIGHTS AND TAILLIGHTS'),
  ('b6d3b275-babd-b156-8446-701f09436843', 'd299fdab-8fdd-1759-c162-e56741580713', 12, (SELECT id FROM operation_catalog WHERE code = 'BLUE_PLATE_QC'), 1.0, 'BODY', 'BLUE PLATE AND FINAL QC'),
  ('078d3d48-23d8-1324-845e-9c90b8896a8f', 'd299fdab-8fdd-1759-c162-e56741580713', 13, (SELECT id FROM operation_catalog WHERE code = 'PAINT_SUBFRAME'), 2.0, 'SUBFRAME', 'PAINT SUBFRAME: RUB, PRIME, SEAL AND PAINT'),
  ('74f442b7-1f18-50a7-36d9-418bc7ffb758', 'd299fdab-8fdd-1759-c162-e56741580713', 14, (SELECT id FROM operation_catalog WHERE code = 'PAINT_PREP_RUB'), 9.0, 'BODY', 'CHIPPER BODY AND TOOLBOX PAINT PREP & RUBBING'),
  ('6c40f3c5-8f69-a4bd-2a51-f16abace1df0', 'd299fdab-8fdd-1759-c162-e56741580713', 15, (SELECT id FROM operation_catalog WHERE code = 'PAINT_PRIME_SEAL'), 6.0, 'BODY', 'PRIME 2 PAC, SEAL & RUB'),
  ('7df08071-a2e9-35c0-c957-254fad11a592', 'd299fdab-8fdd-1759-c162-e56741580713', 16, (SELECT id FROM operation_catalog WHERE code = 'PAINT_FINAL'), 10.0, 'BODY', 'FINAL PAINT')
ON CONFLICT (id) DO NOTHING;

-- CH38F (85.5 h, 16 ops)
INSERT INTO template_operations (id, template_version_id, sequence, operation_id, estimated_hours, flow_track, notes)
VALUES
  ('ec257f22-a393-750f-5c9a-61161b5e26cb', '94a1c80a-9222-55c5-6474-c138f5d1c6fa', 1, (SELECT id FROM operation_catalog WHERE code = 'MAT_PROC_CNC'), 8.0, 'BODY', 'MATERIAL PROCESSING/CNC'),
  ('248a11ae-4c60-7dcf-7a0a-72de9b6462a5', '94a1c80a-9222-55c5-6474-c138f5d1c6fa', 2, (SELECT id FROM operation_catalog WHERE code = 'MFR_SUBFRAME'), 3.0, 'SUBFRAME', 'MANUFACTURE SUBFRAME'),
  ('3fbd0115-6219-cd3a-5e25-a90ee3dbcd93', '94a1c80a-9222-55c5-6474-c138f5d1c6fa', 3, (SELECT id FROM operation_catalog WHERE code = 'MFR_TAILGATE'), 3.0, 'BODY', 'MANUFACTURE TAILGATE (SPLIT BARN STYLE)'),
  ('f7678ea5-bec2-24df-ffae-1e45c35d6bac', '94a1c80a-9222-55c5-6474-c138f5d1c6fa', 4, (SELECT id FROM operation_catalog WHERE code = 'MFR_TOOLBOX'), 7.5, 'BODY', 'MANUFACTURE P/SIDE CHIPPER TOOLBOX'),
  ('2e72c7ff-f229-804f-e4ca-293623622232', '94a1c80a-9222-55c5-6474-c138f5d1c6fa', 5, (SELECT id FROM operation_catalog WHERE code = 'MFR_POLE_SAW_BOX'), 2.0, 'BODY', 'MANUFACTURE POLE SAW BOX COMPONENTS'),
  ('34589e88-20b9-f5f1-00c7-0e4840efe734', '94a1c80a-9222-55c5-6474-c138f5d1c6fa', 6, (SELECT id FROM operation_catalog WHERE code = 'FAB_LINE_ASSY'), 14.0, 'BODY', 'FABRICATION LINE ASSEMBLY'),
  ('f7c78993-ab9d-cec6-c05b-a2223d60a84f', '94a1c80a-9222-55c5-6474-c138f5d1c6fa', 7, (SELECT id FROM operation_catalog WHERE code = 'SUBFRAME_PTO_HYD'), 2.5, 'SUBFRAME', 'SUBFRAME PTO & HYDRAULICS FITOUT'),
  ('e72850c1-f6e9-601c-f926-1b79b0e07c73', '94a1c80a-9222-55c5-6474-c138f5d1c6fa', 8, (SELECT id FROM operation_catalog WHERE code = 'BODY_FITOUT'), 4.0, 'BODY', 'BODY FITOUT'),
  ('12ede902-08ab-df35-8ea8-118ff6a5356d', '94a1c80a-9222-55c5-6474-c138f5d1c6fa', 9, (SELECT id FROM operation_catalog WHERE code = 'CHASSIS_PREP_FLITCH'), 5.0, 'CHASSIS', 'CHASSIS PREP: FLITCH PLATES AND PLASTICS; ELECTRICAL PREP'),
  ('0115af6a-b81f-e5e9-a1ee-ee34c7fb727a', '94a1c80a-9222-55c5-6474-c138f5d1c6fa', 10, (SELECT id FROM operation_catalog WHERE code = 'FITMENT_INSTALL'), 7.5, 'BODY', 'FITMENT: INSTALL BODY AND WELDDOWN, FIT MUD FLAPS'),
  ('90da25d8-35ff-f98c-c9f0-4b4b69f3e0d2', '94a1c80a-9222-55c5-6474-c138f5d1c6fa', 11, (SELECT id FROM operation_catalog WHERE code = 'WIRING_LIGHTS'), 1.0, 'BODY', 'WIRING OF CLEARANCE LIGHTS AND TAILLIGHTS'),
  ('bbfdb3ae-4db7-65e5-55fc-39408511d9eb', '94a1c80a-9222-55c5-6474-c138f5d1c6fa', 12, (SELECT id FROM operation_catalog WHERE code = 'BLUE_PLATE_QC'), 1.0, 'BODY', 'BLUE PLATE AND FINAL QC'),
  ('964c22b8-bae7-0310-9b70-0275a7a193c9', '94a1c80a-9222-55c5-6474-c138f5d1c6fa', 13, (SELECT id FROM operation_catalog WHERE code = 'PAINT_SUBFRAME'), 2.0, 'SUBFRAME', 'PAINT SUBFRAME: RUB, PRIME, SEAL AND PAINT'),
  ('ef35d23a-5b80-53c9-03b0-b071335cf32b', '94a1c80a-9222-55c5-6474-c138f5d1c6fa', 14, (SELECT id FROM operation_catalog WHERE code = 'PAINT_PREP_RUB'), 9.0, 'BODY', 'CHIPPER BODY AND TOOLBOX PAINT PREP & RUBBING'),
  ('316dc38d-c1f7-f518-09fa-100f7831d5b3', '94a1c80a-9222-55c5-6474-c138f5d1c6fa', 15, (SELECT id FROM operation_catalog WHERE code = 'PAINT_PRIME_SEAL'), 6.0, 'BODY', 'PRIME 2 PAC, SEAL & RUB'),
  ('9ae2ca86-6639-034a-65c0-3e819daf4be2', '94a1c80a-9222-55c5-6474-c138f5d1c6fa', 16, (SELECT id FROM operation_catalog WHERE code = 'PAINT_FINAL'), 10.0, 'BODY', 'FINAL PAINT')
ON CONFLICT (id) DO NOTHING;

-- DP43N (69.5 h, 16 ops)
INSERT INTO template_operations (id, template_version_id, sequence, operation_id, estimated_hours, flow_track, notes)
VALUES
  ('9d3c217c-c20a-a75e-4a30-2c5d6a574950', '3d5b763b-5a7a-b20b-f8a9-6fabf7bde383', 1, (SELECT id FROM operation_catalog WHERE code = 'MAT_PROC_CNC'), 4.0, 'BODY', 'MATERIAL PROCESSING/CNC (METAL)'),
  ('2df55621-3e74-6450-713d-c9101c5ab1d9', '3d5b763b-5a7a-b20b-f8a9-6fabf7bde383', 2, (SELECT id FROM operation_catalog WHERE code = 'MAT_PROC_FIBRE'), 7.5, 'BODY', 'FIBER GLOSS PANEL PROCESSING/CNC'),
  ('a44c2c7d-d0dc-05f0-2012-04be02660cb3', '3d5b763b-5a7a-b20b-f8a9-6fabf7bde383', 3, (SELECT id FROM operation_catalog WHERE code = 'MFR_BASE'), 7.5, 'BODY', 'MANUFACTURE BASE'),
  ('e4b30e9a-3849-b62a-572b-8c8882e67715', '3d5b763b-5a7a-b20b-f8a9-6fabf7bde383', 4, (SELECT id FROM operation_catalog WHERE code = 'MFR_REAR_FRAME'), 3.0, 'BODY', 'MANUFACTURE REAR FRAME'),
  ('39faec1c-51d3-721b-318b-d30af377b257', '3d5b763b-5a7a-b20b-f8a9-6fabf7bde383', 5, (SELECT id FROM operation_catalog WHERE code = 'MFR_REAR_DOORS'), 3.0, 'BODY', 'MANUFACTURE REAR DOORS'),
  ('b87627c1-a779-1a03-0079-d9f826688f41', '3d5b763b-5a7a-b20b-f8a9-6fabf7bde383', 6, (SELECT id FROM operation_catalog WHERE code = 'MFR_ROOF'), 2.0, 'BODY', 'MANUFACTURE ROOF'),
  ('255f01b9-4785-4108-26ef-565680865a1d', '3d5b763b-5a7a-b20b-f8a9-6fabf7bde383', 7, (SELECT id FROM operation_catalog WHERE code = 'FAB_LINE_ASSY'), 5.0, 'BODY', 'FABRICATION LINE ASSEMBLY'),
  ('4348292c-582b-9e74-c4a5-1931702cac79', '3d5b763b-5a7a-b20b-f8a9-6fabf7bde383', 8, (SELECT id FROM operation_catalog WHERE code = 'BODY_FITOUT'), 7.5, 'BODY', 'BODY FITOUT'),
  ('b840a4fe-8703-9f51-d214-26e0b51d33b1', '3d5b763b-5a7a-b20b-f8a9-6fabf7bde383', 9, (SELECT id FROM operation_catalog WHERE code = 'CHASSIS_PREP_FLITCH'), 4.0, 'CHASSIS', 'CHASSIS PREP: FLITCH PLATES AND PLASTICS; ELECTRICAL PREP'),
  ('20c50a24-a81f-67e4-a1f7-1c8c1679ae96', '3d5b763b-5a7a-b20b-f8a9-6fabf7bde383', 10, (SELECT id FROM operation_catalog WHERE code = 'FITMENT_INSTALL'), 4.0, 'BODY', 'FITMENT: INSTALL BODY AND WELDDOWN, FIT MUD FLAPS'),
  ('f37abb19-23f9-94c1-19b8-130a2c842cd0', '3d5b763b-5a7a-b20b-f8a9-6fabf7bde383', 11, (SELECT id FROM operation_catalog WHERE code = 'WIRING_LIGHTS'), 3.0, 'BODY', 'WIRING OF CLEARANCE LIGHTS AND TAILLIGHTS'),
  ('f461d448-5360-4ace-e074-8727bcb07af5', '3d5b763b-5a7a-b20b-f8a9-6fabf7bde383', 12, (SELECT id FROM operation_catalog WHERE code = 'PANTECH_SILICON_SEAL'), 6.0, 'BODY', 'SILICON AND SEALING'),
  ('7dc4960d-0a24-f753-9034-3b056e2c6e8b', '3d5b763b-5a7a-b20b-f8a9-6fabf7bde383', 13, (SELECT id FROM operation_catalog WHERE code = 'BLUE_PLATE_QC'), 1.0, 'BODY', 'BLUE PLATE AND FINAL QC'),
  ('473f3930-1972-86bd-8cee-1052daaca924', '3d5b763b-5a7a-b20b-f8a9-6fabf7bde383', 14, (SELECT id FROM operation_catalog WHERE code = 'PAINT_PREP_RUB'), 4.0, 'BODY', 'PAINT PREP & RUB'),
  ('9ac52691-f625-90b0-ca0d-ea1af1fb47c7', '3d5b763b-5a7a-b20b-f8a9-6fabf7bde383', 15, (SELECT id FROM operation_catalog WHERE code = 'PAINT_PRIME_SEAL'), 4.0, 'BODY', 'PRIME, SEAL & RUB'),
  ('ba27ac59-1f15-c9a2-b625-9bef99527fbe', '3d5b763b-5a7a-b20b-f8a9-6fabf7bde383', 16, (SELECT id FROM operation_catalog WHERE code = 'PAINT_FINAL'), 4.0, 'BODY', 'FINAL PAINT')
ON CONFLICT (id) DO NOTHING;

-- BGT-DP42N (72.5 h, 17 ops)
INSERT INTO template_operations (id, template_version_id, sequence, operation_id, estimated_hours, flow_track, notes)
VALUES
  ('1001d551-73e6-a549-1d5d-81ee42bd9fd2', 'f5dc27a9-8227-31bd-1b58-a41770e70fda', 1, (SELECT id FROM operation_catalog WHERE code = 'MAT_PROC_CNC'), 4.0, 'BODY', 'MATERIAL PROCESSING/CNC (METAL)'),
  ('4cc8595e-2a71-431a-cb97-70186e114839', 'f5dc27a9-8227-31bd-1b58-a41770e70fda', 2, (SELECT id FROM operation_catalog WHERE code = 'MAT_PROC_FIBRE'), 7.5, 'BODY', 'FIBER GLOSS PANEL PROCESSING/CNC'),
  ('a385acca-8213-6002-81a0-30c646aaa6f2', 'f5dc27a9-8227-31bd-1b58-a41770e70fda', 3, (SELECT id FROM operation_catalog WHERE code = 'MFR_BASE'), 7.5, 'BODY', 'MANUFACTURE BASE'),
  ('6ac9e1fe-9aeb-f75c-d1f2-56be8326eb7e', 'f5dc27a9-8227-31bd-1b58-a41770e70fda', 4, (SELECT id FROM operation_catalog WHERE code = 'MFR_REAR_FRAME'), 3.0, 'BODY', 'MANUFACTURE REAR FRAME'),
  ('cbd31004-75c9-b6bb-f574-2920ea6995d4', 'f5dc27a9-8227-31bd-1b58-a41770e70fda', 5, (SELECT id FROM operation_catalog WHERE code = 'MFR_REAR_DOORS'), 3.0, 'BODY', 'MANUFACTURE REAR DOORS'),
  ('6b6e35cc-d6cd-d8c3-a46b-fa65b1b620b8', 'f5dc27a9-8227-31bd-1b58-a41770e70fda', 6, (SELECT id FROM operation_catalog WHERE code = 'MFR_ROOF'), 2.0, 'BODY', 'MANUFACTURE ROOF'),
  ('45a5cf7c-253d-5324-c62d-4453104f63c9', 'f5dc27a9-8227-31bd-1b58-a41770e70fda', 7, (SELECT id FROM operation_catalog WHERE code = 'FAB_LINE_ASSY'), 5.0, 'BODY', 'FABRICATION LINE ASSEMBLY'),
  ('af0bf18a-d159-fce7-59e1-92391c08e9e2', 'f5dc27a9-8227-31bd-1b58-a41770e70fda', 8, (SELECT id FROM operation_catalog WHERE code = 'BODY_FITOUT'), 7.5, 'BODY', 'BODY FITOUT'),
  ('6cb16821-5ac8-82e1-3245-41e8ec30fcca', 'f5dc27a9-8227-31bd-1b58-a41770e70fda', 9, (SELECT id FROM operation_catalog WHERE code = 'CHASSIS_PREP_FLITCH'), 4.0, 'CHASSIS', 'CHASSIS PREP: FLITCH PLATES AND PLASTICS; ELECTRICAL PREP'),
  ('5bbeadda-248f-c627-2c39-55a6f89eb7c1', 'f5dc27a9-8227-31bd-1b58-a41770e70fda', 10, (SELECT id FROM operation_catalog WHERE code = 'FITMENT_INSTALL'), 4.0, 'BODY', 'FITMENT: INSTALL BODY AND WELDDOWN, FIT MUD FLAPS'),
  ('b0b13b60-afb3-506c-6cb7-5f21b7d2d717', 'f5dc27a9-8227-31bd-1b58-a41770e70fda', 11, (SELECT id FROM operation_catalog WHERE code = 'WIRING_LIGHTS'), 3.0, 'BODY', 'WIRING OF CLEARANCE LIGHTS AND TAILLIGHTS'),
  ('73e6a296-d851-43f4-465a-2b07e12bad67', 'f5dc27a9-8227-31bd-1b58-a41770e70fda', 12, (SELECT id FROM operation_catalog WHERE code = 'FIT_ACCESSORIES'), 3.0, 'BODY', 'INSTALL TUCK-A-WAY TAILGATE LOADER AT REAR'),
  ('8d9d0665-b6af-c809-44d6-6aed7ddb09f3', 'f5dc27a9-8227-31bd-1b58-a41770e70fda', 13, (SELECT id FROM operation_catalog WHERE code = 'PANTECH_SILICON_SEAL'), 6.0, 'BODY', 'SILICON AND SEALING'),
  ('4aca412a-140b-59e2-c490-376058b4f581', 'f5dc27a9-8227-31bd-1b58-a41770e70fda', 14, (SELECT id FROM operation_catalog WHERE code = 'BLUE_PLATE_QC'), 1.0, 'BODY', 'BLUE PLATE AND FINAL QC'),
  ('e727829d-e5de-b781-62a8-3c12eb52c318', 'f5dc27a9-8227-31bd-1b58-a41770e70fda', 15, (SELECT id FROM operation_catalog WHERE code = 'PAINT_PREP_RUB'), 4.0, 'BODY', 'PAINT PREP & RUB'),
  ('74c5db27-2215-ac23-980b-d42821a29874', 'f5dc27a9-8227-31bd-1b58-a41770e70fda', 16, (SELECT id FROM operation_catalog WHERE code = 'PAINT_PRIME_SEAL'), 4.0, 'BODY', 'PRIME, SEAL & RUB'),
  ('be24076d-c011-62bd-23e4-f3c553c0ef8a', 'f5dc27a9-8227-31bd-1b58-a41770e70fda', 17, (SELECT id FROM operation_catalog WHERE code = 'PAINT_FINAL'), 4.0, 'BODY', 'FINAL PAINT')
ON CONFLICT (id) DO NOTHING;

-- IAL-VP42N (69.5 h, 16 ops)
INSERT INTO template_operations (id, template_version_id, sequence, operation_id, estimated_hours, flow_track, notes)
VALUES
  ('6cd009db-7351-727d-0cb8-71e35c24177b', '2bfb5b27-4ec1-fc38-41df-8f66aeee1355', 1, (SELECT id FROM operation_catalog WHERE code = 'MAT_PROC_CNC'), 4.0, 'BODY', 'MATERIAL PROCESSING/CNC (METAL)'),
  ('8d5e0487-ae19-babd-f895-c3e45c7cc04a', '2bfb5b27-4ec1-fc38-41df-8f66aeee1355', 2, (SELECT id FROM operation_catalog WHERE code = 'MAT_PROC_FIBRE'), 7.5, 'BODY', 'FIBER GLOSS PANEL PROCESSING/CNC'),
  ('61365c42-8999-21ad-37d8-94008bb1af4b', '2bfb5b27-4ec1-fc38-41df-8f66aeee1355', 3, (SELECT id FROM operation_catalog WHERE code = 'MFR_BASE'), 7.5, 'BODY', 'MANUFACTURE BASE'),
  ('58239a97-bfe7-d422-e757-1f441cc21c12', '2bfb5b27-4ec1-fc38-41df-8f66aeee1355', 4, (SELECT id FROM operation_catalog WHERE code = 'MFR_REAR_FRAME'), 3.0, 'BODY', 'MANUFACTURE REAR FRAME'),
  ('6ac90677-6f05-c12f-185b-f5a5dff12fbe', '2bfb5b27-4ec1-fc38-41df-8f66aeee1355', 5, (SELECT id FROM operation_catalog WHERE code = 'MFR_REAR_DOORS'), 3.0, 'BODY', 'MANUFACTURE REAR DOORS'),
  ('c2b7cb27-4888-97fb-2bda-8979c10f0b47', '2bfb5b27-4ec1-fc38-41df-8f66aeee1355', 6, (SELECT id FROM operation_catalog WHERE code = 'MFR_ROOF'), 2.0, 'BODY', 'MANUFACTURE ROOF'),
  ('24ac6447-6ddb-2e84-a0ea-bacfe60105bf', '2bfb5b27-4ec1-fc38-41df-8f66aeee1355', 7, (SELECT id FROM operation_catalog WHERE code = 'FAB_LINE_ASSY'), 5.0, 'BODY', 'FABRICATION LINE ASSEMBLY'),
  ('49ad1d2b-5622-8989-1ca5-e654245a542a', '2bfb5b27-4ec1-fc38-41df-8f66aeee1355', 8, (SELECT id FROM operation_catalog WHERE code = 'PAINT_PREP_RUB'), 4.0, 'BODY', 'PAINT PREP & RUB'),
  ('773f3bf1-ccb1-2607-d18e-98d4a666646a', '2bfb5b27-4ec1-fc38-41df-8f66aeee1355', 9, (SELECT id FROM operation_catalog WHERE code = 'PAINT_PRIME_SEAL'), 4.0, 'BODY', 'PRIME, SEAL & RUB'),
  ('48a429da-1428-4bc0-a22d-edf1930ee9fc', '2bfb5b27-4ec1-fc38-41df-8f66aeee1355', 10, (SELECT id FROM operation_catalog WHERE code = 'PAINT_FINAL'), 4.0, 'BODY', 'FINAL PAINT'),
  ('7043860d-2d48-31b5-3a6c-c458f69bfe4f', '2bfb5b27-4ec1-fc38-41df-8f66aeee1355', 11, (SELECT id FROM operation_catalog WHERE code = 'BODY_FITOUT'), 7.5, 'BODY', 'BODY FITOUT'),
  ('2f8eaf8e-5d38-ee52-0774-b153c2a58ba5', '2bfb5b27-4ec1-fc38-41df-8f66aeee1355', 12, (SELECT id FROM operation_catalog WHERE code = 'CHASSIS_PREP_FLITCH'), 4.0, 'CHASSIS', 'CHASSIS PREP: FLITCH PLATES AND PLASTICS; ELECTRICAL PREP'),
  ('8bbba4c3-bcea-42ff-bd56-75fbbf2d02ee', '2bfb5b27-4ec1-fc38-41df-8f66aeee1355', 13, (SELECT id FROM operation_catalog WHERE code = 'FITMENT_INSTALL'), 4.0, 'BODY', 'FITMENT: INSTALL BODY AND WELDDOWN, FIT MUD FLAPS'),
  ('5c65557b-4444-f77f-fcf0-38ee4a8a0b20', '2bfb5b27-4ec1-fc38-41df-8f66aeee1355', 14, (SELECT id FROM operation_catalog WHERE code = 'WIRING_LIGHTS'), 3.0, 'BODY', 'WIRING OF CLEARANCE LIGHTS AND TAILLIGHTS'),
  ('e07fd702-13fe-e973-7695-cf01259fc95f', '2bfb5b27-4ec1-fc38-41df-8f66aeee1355', 15, (SELECT id FROM operation_catalog WHERE code = 'PANTECH_SILICON_SEAL'), 6.0, 'BODY', 'SILICON AND SEALING'),
  ('a12fdd4e-e29b-0196-d43d-cce74143f2a0', '2bfb5b27-4ec1-fc38-41df-8f66aeee1355', 16, (SELECT id FROM operation_catalog WHERE code = 'BLUE_PLATE_QC'), 1.0, 'BODY', 'FINAL QC')
ON CONFLICT (id) DO NOTHING;

-- DFE-DP42N (59.0 h, 14 ops)
INSERT INTO template_operations (id, template_version_id, sequence, operation_id, estimated_hours, flow_track, notes)
VALUES
  ('72693775-b429-ee31-feaa-e991560bc0b0', 'a370520f-5430-1073-6b89-7a4f0d31ff4f', 1, (SELECT id FROM operation_catalog WHERE code = 'MAT_PROC_CNC'), 4.0, 'BODY', 'MATERIAL PROCESSING/CNC (METAL)'),
  ('69967235-ad10-3e10-7744-24f6a31037af', 'a370520f-5430-1073-6b89-7a4f0d31ff4f', 2, (SELECT id FROM operation_catalog WHERE code = 'MAT_PROC_FIBRE'), 7.5, 'BODY', 'FIBER GLOSS PANEL PROCESSING/CNC'),
  ('571c43a2-1eb5-2a77-f5e4-6da4264a4372', 'a370520f-5430-1073-6b89-7a4f0d31ff4f', 3, (SELECT id FROM operation_catalog WHERE code = 'MFR_BASE'), 7.5, 'BODY', 'MANUFACTURE BASE'),
  ('81fa1753-5e82-39a0-4c11-3e3a2b94d8d7', 'a370520f-5430-1073-6b89-7a4f0d31ff4f', 4, (SELECT id FROM operation_catalog WHERE code = 'MFR_REAR_FRAME'), 3.0, 'BODY', 'MANUFACTURE REAR FRAME'),
  ('21cc1ed7-51b2-8684-737a-f3e9ed81591d', 'a370520f-5430-1073-6b89-7a4f0d31ff4f', 5, (SELECT id FROM operation_catalog WHERE code = 'MFR_REAR_DOORS'), 3.0, 'BODY', 'MANUFACTURE REAR DOORS'),
  ('db19ed5a-86ab-daba-81c1-df1b28c09196', 'a370520f-5430-1073-6b89-7a4f0d31ff4f', 6, (SELECT id FROM operation_catalog WHERE code = 'MFR_REAR_DOORS'), 1.5, 'BODY', 'MANUFACTURE SIDE ACCESS DOOR'),
  ('1099caaf-928b-d4ad-1f96-266f666919d1', 'a370520f-5430-1073-6b89-7a4f0d31ff4f', 7, (SELECT id FROM operation_catalog WHERE code = 'MFR_ROOF'), 2.0, 'BODY', 'MANUFACTURE ROOF'),
  ('4f170930-aa2a-bb5f-6a09-5eab5f49a63c', 'a370520f-5430-1073-6b89-7a4f0d31ff4f', 8, (SELECT id FROM operation_catalog WHERE code = 'FAB_LINE_ASSY'), 5.0, 'BODY', 'FABRICATION LINE ASSEMBLY'),
  ('84af2f7d-9636-7a26-8313-3234928a8049', 'a370520f-5430-1073-6b89-7a4f0d31ff4f', 9, (SELECT id FROM operation_catalog WHERE code = 'BODY_FITOUT'), 7.5, 'BODY', 'BODY FITOUT'),
  ('04d5e203-0bd8-82b5-9316-1f16ac626ad3', 'a370520f-5430-1073-6b89-7a4f0d31ff4f', 10, (SELECT id FROM operation_catalog WHERE code = 'CHASSIS_PREP_FLITCH'), 4.0, 'CHASSIS', 'CHASSIS PREP: FLITCH PLATES AND PLASTICS; ELECTRICAL PREP'),
  ('dfeaba9b-04df-8d0e-c819-9fc1d26e5b7e', 'a370520f-5430-1073-6b89-7a4f0d31ff4f', 11, (SELECT id FROM operation_catalog WHERE code = 'FITMENT_INSTALL'), 4.0, 'BODY', 'FITMENT: INSTALL BODY AND WELDDOWN, FIT MUD FLAPS'),
  ('11c7967f-6601-fdf0-6795-c34c2a347f60', 'a370520f-5430-1073-6b89-7a4f0d31ff4f', 12, (SELECT id FROM operation_catalog WHERE code = 'WIRING_LIGHTS'), 3.0, 'BODY', 'WIRING OF CLEARANCE LIGHTS AND TAILLIGHTS'),
  ('4463f9d4-3273-2119-7489-4b0d400bf57e', 'a370520f-5430-1073-6b89-7a4f0d31ff4f', 13, (SELECT id FROM operation_catalog WHERE code = 'PANTECH_SILICON_SEAL'), 6.0, 'BODY', 'SILICON AND SEALING'),
  ('da05a76e-ac40-cff9-c0e5-db4a411adba6', 'a370520f-5430-1073-6b89-7a4f0d31ff4f', 14, (SELECT id FROM operation_catalog WHERE code = 'BLUE_PLATE_QC'), 1.0, 'BODY', 'BLUE PLATE AND FINAL QC')
ON CONFLICT (id) DO NOTHING;

-- DP67F-SD (81.0 h, 17 ops)
INSERT INTO template_operations (id, template_version_id, sequence, operation_id, estimated_hours, flow_track, notes)
VALUES
  ('7585b8c4-b66c-03fa-c707-7757a6abb664', '527a9185-23fb-1964-9bce-0aafa2455600', 1, (SELECT id FROM operation_catalog WHERE code = 'MAT_PROC_CNC'), 4.0, 'BODY', 'MATERIAL PROCESSING/CNC (METAL)'),
  ('f6199773-b286-dd70-6154-cf1c377fbef6', '527a9185-23fb-1964-9bce-0aafa2455600', 2, (SELECT id FROM operation_catalog WHERE code = 'MAT_PROC_FIBRE'), 8.5, 'BODY', 'FIBER GLOSS PANEL PROCESSING/CNC'),
  ('f5d8d206-d7ea-0ade-9243-f5c34a5fc085', '527a9185-23fb-1964-9bce-0aafa2455600', 3, (SELECT id FROM operation_catalog WHERE code = 'MFR_BASE'), 8.5, 'BODY', 'MANUFACTURE BASE'),
  ('687e9d99-5c5b-8f89-3eef-4c1f45e1cd89', '527a9185-23fb-1964-9bce-0aafa2455600', 4, (SELECT id FROM operation_catalog WHERE code = 'MFR_REAR_FRAME'), 3.0, 'BODY', 'MANUFACTURE REAR FRAME'),
  ('ac98303d-f578-ac15-7ffa-9b84eafd55d8', '527a9185-23fb-1964-9bce-0aafa2455600', 5, (SELECT id FROM operation_catalog WHERE code = 'MFR_REAR_DOORS'), 3.0, 'BODY', 'MANUFACTURE REAR DOORS'),
  ('21662a8e-51e6-e4fc-c9bc-f2345ebf0009', '527a9185-23fb-1964-9bce-0aafa2455600', 6, (SELECT id FROM operation_catalog WHERE code = 'MFR_REAR_DOORS'), 1.5, 'BODY', 'MANUFACTURE SIDE ACCESS DOOR'),
  ('3eaf13c3-b96f-ae27-7ddb-a95534147d58', '527a9185-23fb-1964-9bce-0aafa2455600', 7, (SELECT id FROM operation_catalog WHERE code = 'MFR_ROOF'), 6.0, 'BODY', 'MANUFACTURE ROOF'),
  ('cc024741-0246-2dfc-8731-1f2150924e6c', '527a9185-23fb-1964-9bce-0aafa2455600', 8, (SELECT id FROM operation_catalog WHERE code = 'FAB_LINE_ASSY'), 6.0, 'BODY', 'FABRICATION LINE ASSEMBLY'),
  ('7b745278-3f94-6e97-47bf-05b1e94ddfa3', '527a9185-23fb-1964-9bce-0aafa2455600', 9, (SELECT id FROM operation_catalog WHERE code = 'BODY_FITOUT'), 8.0, 'BODY', 'BODY FITOUT'),
  ('a7b82a15-db00-ee5e-e679-08933a12b2f3', '527a9185-23fb-1964-9bce-0aafa2455600', 10, (SELECT id FROM operation_catalog WHERE code = 'CHASSIS_PREP_FLITCH'), 5.0, 'CHASSIS', 'CHASSIS PREP: FLITCH PLATES AND PLASTICS; ELECTRICAL PREP'),
  ('7a67015d-ea13-f615-2c84-1221374e2d64', '527a9185-23fb-1964-9bce-0aafa2455600', 11, (SELECT id FROM operation_catalog WHERE code = 'FITMENT_INSTALL'), 4.0, 'BODY', 'FITMENT: INSTALL BODY AND WELDDOWN, FIT MUD FLAPS'),
  ('eb994216-13bf-41d9-b809-ed131db86fdf', '527a9185-23fb-1964-9bce-0aafa2455600', 12, (SELECT id FROM operation_catalog WHERE code = 'WIRING_LIGHTS'), 3.0, 'BODY', 'WIRING OF CLEARANCE LIGHTS AND TAILLIGHTS'),
  ('2a97c902-b997-4b07-3c3e-4a8da22bb894', '527a9185-23fb-1964-9bce-0aafa2455600', 13, (SELECT id FROM operation_catalog WHERE code = 'PANTECH_SILICON_SEAL'), 7.5, 'BODY', 'SILICON AND SEALING'),
  ('9f3df272-6c0a-234e-a68e-e38ef0a401c3', '527a9185-23fb-1964-9bce-0aafa2455600', 14, (SELECT id FROM operation_catalog WHERE code = 'BLUE_PLATE_QC'), 1.0, 'BODY', 'BLUE PLATE AND FINAL QC'),
  ('11b536a8-49fb-742d-c702-5c487b18af9b', '527a9185-23fb-1964-9bce-0aafa2455600', 15, (SELECT id FROM operation_catalog WHERE code = 'PAINT_PREP_RUB'), 4.0, 'BODY', 'PAINT PREP & RUB'),
  ('224f8717-993e-7873-744a-8ce0d4fbf310', '527a9185-23fb-1964-9bce-0aafa2455600', 16, (SELECT id FROM operation_catalog WHERE code = 'PAINT_PRIME_SEAL'), 4.0, 'BODY', 'PRIME, SEAL & RUB'),
  ('efbcf91f-3451-92b2-b168-5af52e38a287', '527a9185-23fb-1964-9bce-0aafa2455600', 17, (SELECT id FROM operation_catalog WHERE code = 'PAINT_FINAL'), 4.0, 'BODY', 'FINAL PAINT')
ON CONFLICT (id) DO NOTHING;

-- DP67F (79.0 h, 16 ops)
INSERT INTO template_operations (id, template_version_id, sequence, operation_id, estimated_hours, flow_track, notes)
VALUES
  ('38a0a727-b670-0bc7-f174-77a819a384f4', '9f63f02d-da12-d131-5136-d03ee2718dd0', 1, (SELECT id FROM operation_catalog WHERE code = 'MAT_PROC_CNC'), 4.0, 'BODY', 'MATERIAL PROCESSING/CNC (METAL)'),
  ('64181f25-3ac8-4ca4-4d6b-7a637a5c6af2', '9f63f02d-da12-d131-5136-d03ee2718dd0', 2, (SELECT id FROM operation_catalog WHERE code = 'MAT_PROC_FIBRE'), 8.5, 'BODY', 'FIBER GLOSS PANEL PROCESSING/CNC'),
  ('0b1ed546-6e69-8861-c02b-8894e87c9c1b', '9f63f02d-da12-d131-5136-d03ee2718dd0', 3, (SELECT id FROM operation_catalog WHERE code = 'MFR_BASE'), 8.5, 'BODY', 'MANUFACTURE BASE'),
  ('fffe80ee-01b9-ffdf-5d4b-bb6956dc3f6e', '9f63f02d-da12-d131-5136-d03ee2718dd0', 4, (SELECT id FROM operation_catalog WHERE code = 'MFR_REAR_FRAME'), 3.0, 'BODY', 'MANUFACTURE REAR FRAME'),
  ('288a9a04-5f06-00c3-df2c-18f1895f71bc', '9f63f02d-da12-d131-5136-d03ee2718dd0', 5, (SELECT id FROM operation_catalog WHERE code = 'MFR_REAR_DOORS'), 3.0, 'BODY', 'MANUFACTURE REAR DOORS'),
  ('a946a897-8db8-d273-d448-21db4f208c0a', '9f63f02d-da12-d131-5136-d03ee2718dd0', 6, (SELECT id FROM operation_catalog WHERE code = 'MFR_ROOF'), 6.0, 'BODY', 'MANUFACTURE ROOF'),
  ('3876e076-f817-dc97-074c-4a064015ffbe', '9f63f02d-da12-d131-5136-d03ee2718dd0', 7, (SELECT id FROM operation_catalog WHERE code = 'FAB_LINE_ASSY'), 6.0, 'BODY', 'FABRICATION LINE ASSEMBLY'),
  ('f2fde656-5673-cfd0-49d1-1c01f8aabd19', '9f63f02d-da12-d131-5136-d03ee2718dd0', 8, (SELECT id FROM operation_catalog WHERE code = 'BODY_FITOUT'), 7.5, 'BODY', 'BODY FITOUT'),
  ('7c428503-4f90-4a4b-4098-b09085f4e376', '9f63f02d-da12-d131-5136-d03ee2718dd0', 9, (SELECT id FROM operation_catalog WHERE code = 'CHASSIS_PREP_FLITCH'), 5.0, 'CHASSIS', 'CHASSIS PREP: FLITCH PLATES AND PLASTICS; ELECTRICAL PREP'),
  ('2789bb04-b9d9-72fe-d22d-e3e8f27c3ffc', '9f63f02d-da12-d131-5136-d03ee2718dd0', 10, (SELECT id FROM operation_catalog WHERE code = 'FITMENT_INSTALL'), 4.0, 'BODY', 'FITMENT: INSTALL BODY AND WELDDOWN, FIT MUD FLAPS'),
  ('67751908-afd3-202f-70e8-d21680cc1b9d', '9f63f02d-da12-d131-5136-d03ee2718dd0', 11, (SELECT id FROM operation_catalog WHERE code = 'WIRING_LIGHTS'), 3.0, 'BODY', 'WIRING OF CLEARANCE LIGHTS AND TAILLIGHTS'),
  ('d41772bc-c44e-3a2a-caff-7417724764f7', '9f63f02d-da12-d131-5136-d03ee2718dd0', 12, (SELECT id FROM operation_catalog WHERE code = 'PANTECH_SILICON_SEAL'), 7.5, 'BODY', 'SILICON AND SEALING'),
  ('9a7587c9-7926-f219-ac6d-866d9f0cfeec', '9f63f02d-da12-d131-5136-d03ee2718dd0', 13, (SELECT id FROM operation_catalog WHERE code = 'BLUE_PLATE_QC'), 1.0, 'BODY', 'BLUE PLATE AND FINAL QC'),
  ('4e3c9b8c-fe2f-8e4b-0a27-8dfde012117c', '9f63f02d-da12-d131-5136-d03ee2718dd0', 14, (SELECT id FROM operation_catalog WHERE code = 'PAINT_PREP_RUB'), 4.0, 'BODY', 'PAINT PREP & RUB'),
  ('f111e0e1-6af2-2022-991b-7e0fda6efb61', '9f63f02d-da12-d131-5136-d03ee2718dd0', 15, (SELECT id FROM operation_catalog WHERE code = 'PAINT_PRIME_SEAL'), 4.0, 'BODY', 'PRIME, SEAL & RUB'),
  ('fa0d9f38-c1fc-5c33-2fb6-1ac189a971ab', '9f63f02d-da12-d131-5136-d03ee2718dd0', 16, (SELECT id FROM operation_catalog WHERE code = 'PAINT_FINAL'), 4.0, 'BODY', 'FINAL PAINT')
ON CONFLICT (id) DO NOTHING;

-- BGT-DP67F-SD (85.5 h, 17 ops)
INSERT INTO template_operations (id, template_version_id, sequence, operation_id, estimated_hours, flow_track, notes)
VALUES
  ('50f7095a-8cd6-2e7b-b0f0-e4e6b2855875', '7616b3c7-9da8-fd3e-892d-a3a5494c915e', 1, (SELECT id FROM operation_catalog WHERE code = 'MAT_PROC_CNC'), 4.0, 'BODY', 'MATERIAL PROCESSING/CNC (METAL)'),
  ('15341575-b1a8-cc3e-0cb9-3b8dd8ed926c', '7616b3c7-9da8-fd3e-892d-a3a5494c915e', 2, (SELECT id FROM operation_catalog WHERE code = 'MAT_PROC_FIBRE'), 8.5, 'BODY', 'FIBER GLOSS PANEL PROCESSING/CNC'),
  ('7a3d44a0-f81f-328a-683e-badb48fdf54e', '7616b3c7-9da8-fd3e-892d-a3a5494c915e', 3, (SELECT id FROM operation_catalog WHERE code = 'MFR_BASE'), 8.5, 'BODY', 'MANUFACTURE BASE'),
  ('5563023f-4797-7e61-94d6-f20f380bdb80', '7616b3c7-9da8-fd3e-892d-a3a5494c915e', 4, (SELECT id FROM operation_catalog WHERE code = 'MFR_REAR_FRAME'), 3.0, 'BODY', 'MANUFACTURE REAR FRAME'),
  ('52547392-f2f9-8106-3d71-5ef27618bf50', '7616b3c7-9da8-fd3e-892d-a3a5494c915e', 5, (SELECT id FROM operation_catalog WHERE code = 'MFR_REAR_DOORS'), 1.5, 'BODY', 'MANUFACTURE SIDE ACCESS DOOR'),
  ('d3e95132-532a-eb69-3aa1-1d4758e0156a', '7616b3c7-9da8-fd3e-892d-a3a5494c915e', 6, (SELECT id FROM operation_catalog WHERE code = 'MFR_ROOF'), 6.0, 'BODY', 'MANUFACTURE ROOF'),
  ('14ecf2df-351c-cebd-5d0d-7a1b4e54c6f1', '7616b3c7-9da8-fd3e-892d-a3a5494c915e', 7, (SELECT id FROM operation_catalog WHERE code = 'FAB_LINE_ASSY'), 6.0, 'BODY', 'FABRICATION LINE ASSEMBLY'),
  ('e2410631-159d-bb1a-7d90-4c443673bf9b', '7616b3c7-9da8-fd3e-892d-a3a5494c915e', 8, (SELECT id FROM operation_catalog WHERE code = 'PAINT_PREP_RUB'), 4.0, 'BODY', 'PAINT PREP & RUB'),
  ('5c3cd580-9980-9fb4-dee1-2c9e5a1edfce', '7616b3c7-9da8-fd3e-892d-a3a5494c915e', 9, (SELECT id FROM operation_catalog WHERE code = 'PAINT_PRIME_SEAL'), 4.0, 'BODY', 'PRIME, SEAL & RUB'),
  ('a9493308-8eb3-af01-423e-a127801f3143', '7616b3c7-9da8-fd3e-892d-a3a5494c915e', 10, (SELECT id FROM operation_catalog WHERE code = 'PAINT_FINAL'), 4.0, 'BODY', 'FINAL PAINT'),
  ('e50282f3-9eff-aa92-c85f-ed6138ba2559', '7616b3c7-9da8-fd3e-892d-a3a5494c915e', 11, (SELECT id FROM operation_catalog WHERE code = 'BODY_FITOUT'), 8.0, 'BODY', 'BODY FITOUT'),
  ('2ccb8f95-f955-554c-1f9e-f477b5e67b43', '7616b3c7-9da8-fd3e-892d-a3a5494c915e', 12, (SELECT id FROM operation_catalog WHERE code = 'CHASSIS_PREP_FLITCH'), 5.0, 'CHASSIS', 'CHASSIS PREP: FLITCH PLATES AND PLASTICS; ELECTRICAL PREP'),
  ('a56a64a9-2bb7-d0a1-80aa-8b404bde6a20', '7616b3c7-9da8-fd3e-892d-a3a5494c915e', 13, (SELECT id FROM operation_catalog WHERE code = 'FITMENT_INSTALL'), 4.0, 'BODY', 'FITMENT: INSTALL BODY AND WELDDOWN, FIT MUD FLAPS'),
  ('a09a7c79-bdb2-f042-8535-62282e812dbd', '7616b3c7-9da8-fd3e-892d-a3a5494c915e', 14, (SELECT id FROM operation_catalog WHERE code = 'WIRING_LIGHTS'), 3.0, 'BODY', 'WIRING OF CLEARANCE LIGHTS AND TAILLIGHTS'),
  ('068ffe5c-9f82-659d-371c-5355e38a246e', '7616b3c7-9da8-fd3e-892d-a3a5494c915e', 15, (SELECT id FROM operation_catalog WHERE code = 'FIT_ACCESSORIES'), 7.5, 'BODY', 'INSTALL TUCK-A-WAY TAILGATE LOADER AT REAR'),
  ('13a615d1-745e-2c42-a6ab-bbdf3295ff4e', '7616b3c7-9da8-fd3e-892d-a3a5494c915e', 16, (SELECT id FROM operation_catalog WHERE code = 'PANTECH_SILICON_SEAL'), 7.5, 'BODY', 'SILICON AND SEALING'),
  ('209bbd81-a529-c67d-4968-ebe86867928e', '7616b3c7-9da8-fd3e-892d-a3a5494c915e', 17, (SELECT id FROM operation_catalog WHERE code = 'BLUE_PLATE_QC'), 1.0, 'BODY', 'BLUE PLATE AND FINAL QC')
ON CONFLICT (id) DO NOTHING;

-- TT43N (65.0 h, 14 ops)
INSERT INTO template_operations (id, template_version_id, sequence, operation_id, estimated_hours, flow_track, notes)
VALUES
  ('0a8aa10b-25c7-6014-3949-33424de7627c', '42c2d8c4-6ddf-9388-2ef7-cb444b977474', 1, (SELECT id FROM operation_catalog WHERE code = 'MAT_PROC_CNC'), 8.0, 'BODY', 'MATERIAL PROCESSING/CNC'),
  ('c985f5a1-bf61-7878-4f11-dcdf33191e13', '42c2d8c4-6ddf-9388-2ef7-cb444b977474', 2, (SELECT id FROM operation_catalog WHERE code = 'MFR_BASE'), 4.0, 'BODY', 'MANUFACTURE BASE'),
  ('2175df70-aea9-d510-a424-ffd1c63a7aaf', '42c2d8c4-6ddf-9388-2ef7-cb444b977474', 3, (SELECT id FROM operation_catalog WHERE code = 'MFR_FRONT_WALL'), 4.0, 'BODY', 'MANUFACTURE FRONT WALL'),
  ('4e0e6fec-2ca8-3885-a7f9-0b3672206408', '42c2d8c4-6ddf-9388-2ef7-cb444b977474', 4, (SELECT id FROM operation_catalog WHERE code = 'MFR_REAR_WALL'), 4.0, 'BODY', 'MANUFACTURE REAR WALL'),
  ('7d5ced73-ffdd-69ba-e864-adf92048090c', '42c2d8c4-6ddf-9388-2ef7-cb444b977474', 5, (SELECT id FROM operation_catalog WHERE code = 'MFR_ROOF'), 4.0, 'BODY', 'MANUFACTURE ROOF'),
  ('cc5f0183-8cd3-19fa-56a1-f741dae85908', '42c2d8c4-6ddf-9388-2ef7-cb444b977474', 6, (SELECT id FROM operation_catalog WHERE code = 'FAB_LINE_ASSY'), 4.0, 'BODY', 'FABRICATION LINE ASSEMBLY'),
  ('07be7ba2-bd17-e65f-324f-eb60c55a7426', '42c2d8c4-6ddf-9388-2ef7-cb444b977474', 7, (SELECT id FROM operation_catalog WHERE code = 'BODY_FITOUT'), 15.0, 'BODY', 'BODY FITOUT'),
  ('dcee513c-aa95-5d81-3c45-0d94ab6a6e1f', '42c2d8c4-6ddf-9388-2ef7-cb444b977474', 8, (SELECT id FROM operation_catalog WHERE code = 'CHASSIS_PREP_FLITCH'), 4.0, 'CHASSIS', 'CHASSIS PREP: FLITCH PLATES AND PLASTICS; ELECTRICAL PREP'),
  ('6dd098e7-2ec0-a2ae-7ebb-34cc4d512b89', '42c2d8c4-6ddf-9388-2ef7-cb444b977474', 9, (SELECT id FROM operation_catalog WHERE code = 'FITMENT_INSTALL'), 4.0, 'BODY', 'FITMENT: INSTALL BODY AND WELDDOWN, FIT MUD FLAPS'),
  ('129c7be8-bbf8-d603-44c8-ec7410daef4f', '42c2d8c4-6ddf-9388-2ef7-cb444b977474', 10, (SELECT id FROM operation_catalog WHERE code = 'WIRING_LIGHTS'), 1.0, 'BODY', 'WIRING OF CLEARANCE LIGHTS AND TAILLIGHTS'),
  ('50612c64-a457-66ea-50ba-2efe9d757981', '42c2d8c4-6ddf-9388-2ef7-cb444b977474', 11, (SELECT id FROM operation_catalog WHERE code = 'BLUE_PLATE_QC'), 1.0, 'BODY', 'BLUE PLATE AND FINAL QC'),
  ('95907788-f21a-7c46-a3a1-1fd039bb21d1', '42c2d8c4-6ddf-9388-2ef7-cb444b977474', 12, (SELECT id FROM operation_catalog WHERE code = 'PAINT_PREP_RUB'), 4.0, 'BODY', 'PAINT PREP & RUB'),
  ('b258c05c-2bf4-1600-9489-1a5844d8d73a', '42c2d8c4-6ddf-9388-2ef7-cb444b977474', 13, (SELECT id FROM operation_catalog WHERE code = 'PAINT_PRIME_SEAL'), 4.0, 'BODY', 'PRIME, SEAL & RUB'),
  ('f41faf89-8a9d-26ee-327f-09f26cf84518', '42c2d8c4-6ddf-9388-2ef7-cb444b977474', 14, (SELECT id FROM operation_catalog WHERE code = 'PAINT_FINAL'), 4.0, 'BODY', 'FINAL PAINT')
ON CONFLICT (id) DO NOTHING;

-- TT56N (65.0 h, 14 ops)
INSERT INTO template_operations (id, template_version_id, sequence, operation_id, estimated_hours, flow_track, notes)
VALUES
  ('672aba1c-b5f6-3e1e-45d2-7c315d761ccd', 'fd697a17-164f-5719-a8ad-b633df5c316e', 1, (SELECT id FROM operation_catalog WHERE code = 'MAT_PROC_CNC'), 8.0, 'BODY', 'MATERIAL PROCESSING/CNC'),
  ('74fb8667-c870-956d-2566-cb4966bf3cea', 'fd697a17-164f-5719-a8ad-b633df5c316e', 2, (SELECT id FROM operation_catalog WHERE code = 'MFR_BASE'), 4.0, 'BODY', 'MANUFACTURE BASE'),
  ('7c608063-9308-bb96-43a7-c2d8851aa429', 'fd697a17-164f-5719-a8ad-b633df5c316e', 3, (SELECT id FROM operation_catalog WHERE code = 'MFR_FRONT_WALL'), 4.0, 'BODY', 'MANUFACTURE FRONT WALL'),
  ('09a3e27e-e98b-efb6-b854-5c2b74aebe3c', 'fd697a17-164f-5719-a8ad-b633df5c316e', 4, (SELECT id FROM operation_catalog WHERE code = 'MFR_REAR_WALL'), 4.0, 'BODY', 'MANUFACTURE REAR WALL'),
  ('6fb044e7-a3f7-9d58-a880-a83452a9a419', 'fd697a17-164f-5719-a8ad-b633df5c316e', 5, (SELECT id FROM operation_catalog WHERE code = 'MFR_ROOF'), 4.0, 'BODY', 'MANUFACTURE ROOF'),
  ('74e4f398-92c2-63ce-d501-3f481e399658', 'fd697a17-164f-5719-a8ad-b633df5c316e', 6, (SELECT id FROM operation_catalog WHERE code = 'FAB_LINE_ASSY'), 4.0, 'BODY', 'FABRICATION LINE ASSEMBLY'),
  ('c070213a-ea82-cbfa-3e43-df8538ac9fe9', 'fd697a17-164f-5719-a8ad-b633df5c316e', 7, (SELECT id FROM operation_catalog WHERE code = 'BODY_FITOUT'), 15.0, 'BODY', 'BODY FITOUT'),
  ('9a787cf7-e181-d9b5-e032-af6312ecc9ef', 'fd697a17-164f-5719-a8ad-b633df5c316e', 8, (SELECT id FROM operation_catalog WHERE code = 'CHASSIS_PREP_FLITCH'), 4.0, 'CHASSIS', 'CHASSIS PREP: FLITCH PLATES AND PLASTICS; ELECTRICAL PREP'),
  ('f15d57b6-a42d-b59b-4efa-dcbc72328efd', 'fd697a17-164f-5719-a8ad-b633df5c316e', 9, (SELECT id FROM operation_catalog WHERE code = 'FITMENT_INSTALL'), 4.0, 'BODY', 'FITMENT: INSTALL BODY AND WELDDOWN, FIT MUD FLAPS'),
  ('d28457a8-06d4-b8a4-bafa-cbc5610ae9bd', 'fd697a17-164f-5719-a8ad-b633df5c316e', 10, (SELECT id FROM operation_catalog WHERE code = 'WIRING_LIGHTS'), 1.0, 'BODY', 'WIRING OF CLEARANCE LIGHTS AND TAILLIGHTS'),
  ('8f443ab1-2e69-3f39-b07f-dbb3dc3e513b', 'fd697a17-164f-5719-a8ad-b633df5c316e', 11, (SELECT id FROM operation_catalog WHERE code = 'BLUE_PLATE_QC'), 1.0, 'BODY', 'BLUE PLATE AND FINAL QC'),
  ('a1f6871c-1e0c-bfca-3dfc-a79a1cee05fb', 'fd697a17-164f-5719-a8ad-b633df5c316e', 12, (SELECT id FROM operation_catalog WHERE code = 'PAINT_PREP_RUB'), 4.0, 'BODY', 'PAINT PREP & RUB'),
  ('d5492626-e9e2-be78-64b4-6a7febf418ce', 'fd697a17-164f-5719-a8ad-b633df5c316e', 13, (SELECT id FROM operation_catalog WHERE code = 'PAINT_PRIME_SEAL'), 4.0, 'BODY', 'PRIME, SEAL & RUB'),
  ('39b27032-2000-a936-7242-06a091ee2cbc', 'fd697a17-164f-5719-a8ad-b633df5c316e', 14, (SELECT id FROM operation_catalog WHERE code = 'PAINT_FINAL'), 4.0, 'BODY', 'FINAL PAINT')
ON CONFLICT (id) DO NOTHING;

-- TT67F (67.5 h, 14 ops)
INSERT INTO template_operations (id, template_version_id, sequence, operation_id, estimated_hours, flow_track, notes)
VALUES
  ('249b4b9e-e4f7-0846-e01b-4bbd4f2e9241', 'e3efe622-a5b4-c771-6c54-ba785cbd3965', 1, (SELECT id FROM operation_catalog WHERE code = 'MAT_PROC_CNC'), 8.0, 'BODY', 'MATERIAL PROCESSING/CNC'),
  ('9133b970-0c9c-3a08-d6ec-928570049cf4', 'e3efe622-a5b4-c771-6c54-ba785cbd3965', 2, (SELECT id FROM operation_catalog WHERE code = 'MFR_BASE'), 4.5, 'BODY', 'MANUFACTURE BASE'),
  ('6d1545d4-c1b9-3100-6ef2-aa78e021a564', 'e3efe622-a5b4-c771-6c54-ba785cbd3965', 3, (SELECT id FROM operation_catalog WHERE code = 'MFR_FRONT_WALL'), 4.0, 'BODY', 'MANUFACTURE FRONT WALL'),
  ('d978ceb9-5306-48c2-186d-b130a221a748', 'e3efe622-a5b4-c771-6c54-ba785cbd3965', 4, (SELECT id FROM operation_catalog WHERE code = 'MFR_REAR_WALL'), 4.0, 'BODY', 'MANUFACTURE REAR WALL'),
  ('8be420a1-ebcd-192d-3b45-409c8ab575c2', 'e3efe622-a5b4-c771-6c54-ba785cbd3965', 5, (SELECT id FROM operation_catalog WHERE code = 'MFR_ROOF'), 4.0, 'BODY', 'MANUFACTURE ROOF'),
  ('c460c430-a7ba-21f1-d712-d00cc89fddf1', 'e3efe622-a5b4-c771-6c54-ba785cbd3965', 6, (SELECT id FROM operation_catalog WHERE code = 'FAB_LINE_ASSY'), 4.0, 'BODY', 'FABRICATION LINE ASSEMBLY'),
  ('eaf23afe-790f-4e87-d44e-0d5a7ca00d69', 'e3efe622-a5b4-c771-6c54-ba785cbd3965', 7, (SELECT id FROM operation_catalog WHERE code = 'BODY_FITOUT'), 15.0, 'BODY', 'BODY FITOUT'),
  ('d611982a-9647-69c0-e211-4a903f2a6809', 'e3efe622-a5b4-c771-6c54-ba785cbd3965', 8, (SELECT id FROM operation_catalog WHERE code = 'CHASSIS_PREP_FLITCH'), 4.5, 'CHASSIS', 'CHASSIS PREP: FLITCH PLATES AND PLASTICS; ELECTRICAL PREP'),
  ('ed0a5d72-93a1-940e-1e65-af6dd6d2e43c', 'e3efe622-a5b4-c771-6c54-ba785cbd3965', 9, (SELECT id FROM operation_catalog WHERE code = 'FITMENT_INSTALL'), 4.0, 'BODY', 'FITMENT: INSTALL BODY AND WELDDOWN, FIT MUD FLAPS'),
  ('4c4f77a5-b94e-a509-9f31-4ce96792ed27', 'e3efe622-a5b4-c771-6c54-ba785cbd3965', 10, (SELECT id FROM operation_catalog WHERE code = 'WIRING_LIGHTS'), 1.0, 'BODY', 'WIRING OF CLEARANCE LIGHTS AND TAILLIGHTS'),
  ('577adb7c-dfa8-5df6-bb09-5261603b91bd', 'e3efe622-a5b4-c771-6c54-ba785cbd3965', 11, (SELECT id FROM operation_catalog WHERE code = 'BLUE_PLATE_QC'), 1.0, 'BODY', 'BLUE PLATE AND FINAL QC'),
  ('4f8a4b3e-93ff-d1b6-e3ad-3cc51303fc5e', 'e3efe622-a5b4-c771-6c54-ba785cbd3965', 12, (SELECT id FROM operation_catalog WHERE code = 'PAINT_PREP_RUB'), 4.5, 'BODY', 'PAINT PREP & RUB'),
  ('016a3d16-0e78-988f-93e4-40cdda11dae1', 'e3efe622-a5b4-c771-6c54-ba785cbd3965', 13, (SELECT id FROM operation_catalog WHERE code = 'PAINT_PRIME_SEAL'), 4.5, 'BODY', 'PRIME, SEAL & RUB'),
  ('73c6439b-5a0e-9f18-0ee8-693ee157b5d5', 'e3efe622-a5b4-c771-6c54-ba785cbd3965', 14, (SELECT id FROM operation_catalog WHERE code = 'PAINT_FINAL'), 4.5, 'BODY', 'FINAL PAINT')
ON CONFLICT (id) DO NOTHING;

-- TT80F (67.5 h, 14 ops)
INSERT INTO template_operations (id, template_version_id, sequence, operation_id, estimated_hours, flow_track, notes)
VALUES
  ('93981dac-c913-9232-2e57-22adead708ae', '9e62253e-0335-c561-3a93-8844fcf41aff', 1, (SELECT id FROM operation_catalog WHERE code = 'MAT_PROC_CNC'), 8.0, 'BODY', 'MATERIAL PROCESSING/CNC'),
  ('37bc9f36-1f27-0f44-3b75-61078a310874', '9e62253e-0335-c561-3a93-8844fcf41aff', 2, (SELECT id FROM operation_catalog WHERE code = 'MFR_BASE'), 4.5, 'BODY', 'MANUFACTURE BASE'),
  ('77c88274-a3a8-0440-17ef-e57b2aaac263', '9e62253e-0335-c561-3a93-8844fcf41aff', 3, (SELECT id FROM operation_catalog WHERE code = 'MFR_FRONT_WALL'), 4.0, 'BODY', 'MANUFACTURE FRONT WALL'),
  ('57b71fa7-d9a3-f890-d925-73873a71602c', '9e62253e-0335-c561-3a93-8844fcf41aff', 4, (SELECT id FROM operation_catalog WHERE code = 'MFR_REAR_WALL'), 4.0, 'BODY', 'MANUFACTURE REAR WALL'),
  ('7d2959fa-9281-63ba-e7a1-650985467f92', '9e62253e-0335-c561-3a93-8844fcf41aff', 5, (SELECT id FROM operation_catalog WHERE code = 'MFR_ROOF'), 4.0, 'BODY', 'MANUFACTURE ROOF'),
  ('673701e5-e17c-7a0c-7f12-ca1aec517d22', '9e62253e-0335-c561-3a93-8844fcf41aff', 6, (SELECT id FROM operation_catalog WHERE code = 'FAB_LINE_ASSY'), 4.0, 'BODY', 'FABRICATION LINE ASSEMBLY'),
  ('c8ff8f64-9c9f-0240-2293-e33c4ece43f2', '9e62253e-0335-c561-3a93-8844fcf41aff', 7, (SELECT id FROM operation_catalog WHERE code = 'BODY_FITOUT'), 15.0, 'BODY', 'BODY FITOUT'),
  ('247b99d2-bf92-f002-5799-d95943112756', '9e62253e-0335-c561-3a93-8844fcf41aff', 8, (SELECT id FROM operation_catalog WHERE code = 'CHASSIS_PREP_FLITCH'), 4.5, 'CHASSIS', 'CHASSIS PREP: FLITCH PLATES AND PLASTICS; ELECTRICAL PREP'),
  ('08d9aabc-2e7d-470d-24b4-39ac641e00f0', '9e62253e-0335-c561-3a93-8844fcf41aff', 9, (SELECT id FROM operation_catalog WHERE code = 'FITMENT_INSTALL'), 4.0, 'BODY', 'FITMENT: INSTALL BODY AND WELDDOWN, FIT MUD FLAPS'),
  ('b547543c-dac5-e128-1d63-0b2a25ef91f8', '9e62253e-0335-c561-3a93-8844fcf41aff', 10, (SELECT id FROM operation_catalog WHERE code = 'WIRING_LIGHTS'), 1.0, 'BODY', 'WIRING OF CLEARANCE LIGHTS AND TAILLIGHTS'),
  ('f4596af9-c078-f5bb-7212-843c6089ffe7', '9e62253e-0335-c561-3a93-8844fcf41aff', 11, (SELECT id FROM operation_catalog WHERE code = 'BLUE_PLATE_QC'), 1.0, 'BODY', 'BLUE PLATE AND FINAL QC'),
  ('388fe811-3b23-f41e-b522-bcc405a2d760', '9e62253e-0335-c561-3a93-8844fcf41aff', 12, (SELECT id FROM operation_catalog WHERE code = 'PAINT_PREP_RUB'), 4.5, 'BODY', 'PAINT PREP & RUB'),
  ('97951569-2874-5d80-e455-13af5e52f38c', '9e62253e-0335-c561-3a93-8844fcf41aff', 13, (SELECT id FROM operation_catalog WHERE code = 'PAINT_PRIME_SEAL'), 4.5, 'BODY', 'PRIME, SEAL & RUB'),
  ('0ea9a18b-03c4-2108-4d25-28c00517082a', '9e62253e-0335-c561-3a93-8844fcf41aff', 14, (SELECT id FROM operation_catalog WHERE code = 'PAINT_FINAL'), 4.5, 'BODY', 'FINAL PAINT')
ON CONFLICT (id) DO NOTHING;

-- TT87F (71.0 h, 14 ops)
INSERT INTO template_operations (id, template_version_id, sequence, operation_id, estimated_hours, flow_track, notes)
VALUES
  ('1201b185-f630-daaf-7955-ed8acc0257c0', '008ad9cf-08f2-f597-cb74-498c3e698816', 1, (SELECT id FROM operation_catalog WHERE code = 'MAT_PROC_CNC'), 8.0, 'BODY', 'MATERIAL PROCESSING/CNC'),
  ('a9bb792d-2960-846b-878d-0fcd9dff76a5', '008ad9cf-08f2-f597-cb74-498c3e698816', 2, (SELECT id FROM operation_catalog WHERE code = 'MFR_BASE'), 5.0, 'BODY', 'MANUFACTURE BASE'),
  ('f6f42bfb-6afe-cdc6-405e-c90c8134450a', '008ad9cf-08f2-f597-cb74-498c3e698816', 3, (SELECT id FROM operation_catalog WHERE code = 'MFR_FRONT_WALL'), 4.0, 'BODY', 'MANUFACTURE FRONT WALL'),
  ('2bf0939e-6ef4-32c8-b614-55911f8abcc3', '008ad9cf-08f2-f597-cb74-498c3e698816', 4, (SELECT id FROM operation_catalog WHERE code = 'MFR_REAR_WALL'), 4.0, 'BODY', 'MANUFACTURE REAR WALL'),
  ('374f75a4-2cc8-489e-a508-b751db644244', '008ad9cf-08f2-f597-cb74-498c3e698816', 5, (SELECT id FROM operation_catalog WHERE code = 'MFR_ROOF'), 4.0, 'BODY', 'MANUFACTURE ROOF'),
  ('f62e04c1-a625-cebe-4d82-837cb1f54127', '008ad9cf-08f2-f597-cb74-498c3e698816', 6, (SELECT id FROM operation_catalog WHERE code = 'FAB_LINE_ASSY'), 5.0, 'BODY', 'FABRICATION LINE ASSEMBLY'),
  ('821224e5-9c67-fa81-b111-492961874d4d', '008ad9cf-08f2-f597-cb74-498c3e698816', 7, (SELECT id FROM operation_catalog WHERE code = 'BODY_FITOUT'), 15.0, 'BODY', 'BODY FITOUT'),
  ('139f04ad-b0bd-9a3f-d58a-5ac3063f7736', '008ad9cf-08f2-f597-cb74-498c3e698816', 8, (SELECT id FROM operation_catalog WHERE code = 'CHASSIS_PREP_FLITCH'), 5.0, 'CHASSIS', 'CHASSIS PREP: FLITCH PLATES AND PLASTICS; ELECTRICAL PREP'),
  ('5120aa24-f525-7d41-1d27-7b957c84dba1', '008ad9cf-08f2-f597-cb74-498c3e698816', 9, (SELECT id FROM operation_catalog WHERE code = 'FITMENT_INSTALL'), 4.0, 'BODY', 'FITMENT: INSTALL BODY AND WELDDOWN, FIT MUD FLAPS'),
  ('d88ad8a5-e70c-ef9a-4c57-543c0bdc6c84', '008ad9cf-08f2-f597-cb74-498c3e698816', 10, (SELECT id FROM operation_catalog WHERE code = 'WIRING_LIGHTS'), 1.0, 'BODY', 'WIRING OF CLEARANCE LIGHTS AND TAILLIGHTS'),
  ('2dfc4050-4762-1318-a9d4-b519e9eebd7c', '008ad9cf-08f2-f597-cb74-498c3e698816', 11, (SELECT id FROM operation_catalog WHERE code = 'BLUE_PLATE_QC'), 1.0, 'BODY', 'BLUE PLATE AND FINAL QC'),
  ('667ff852-eefb-355c-fc82-32d305d2113f', '008ad9cf-08f2-f597-cb74-498c3e698816', 12, (SELECT id FROM operation_catalog WHERE code = 'PAINT_PREP_RUB'), 5.0, 'BODY', 'PAINT PREP & RUB'),
  ('5afe9404-d051-6c57-221f-e4a8e6b0e9bb', '008ad9cf-08f2-f597-cb74-498c3e698816', 13, (SELECT id FROM operation_catalog WHERE code = 'PAINT_PRIME_SEAL'), 5.0, 'BODY', 'PRIME, SEAL & RUB'),
  ('e5a88526-a1e0-8c76-7f25-7c284c41c37e', '008ad9cf-08f2-f597-cb74-498c3e698816', 14, (SELECT id FROM operation_catalog WHERE code = 'PAINT_FINAL'), 5.0, 'BODY', 'FINAL PAINT')
ON CONFLICT (id) DO NOTHING;

-- TT91F (71.0 h, 14 ops)
INSERT INTO template_operations (id, template_version_id, sequence, operation_id, estimated_hours, flow_track, notes)
VALUES
  ('13cb2151-9a0a-3eaf-f690-97f67f673029', 'e837257a-180b-df34-71c0-31f40f526a2e', 1, (SELECT id FROM operation_catalog WHERE code = 'MAT_PROC_CNC'), 8.0, 'BODY', 'MATERIAL PROCESSING/CNC'),
  ('b8bf17e0-d03f-abfc-ed30-6bcf1e40ce95', 'e837257a-180b-df34-71c0-31f40f526a2e', 2, (SELECT id FROM operation_catalog WHERE code = 'MFR_BASE'), 5.0, 'BODY', 'MANUFACTURE BASE'),
  ('e5eb0e0b-3b46-7d42-d1c2-ceddcfdad3ee', 'e837257a-180b-df34-71c0-31f40f526a2e', 3, (SELECT id FROM operation_catalog WHERE code = 'MFR_FRONT_WALL'), 4.0, 'BODY', 'MANUFACTURE FRONT WALL'),
  ('c14602ea-142b-5ffa-4f7b-11b80292d0ac', 'e837257a-180b-df34-71c0-31f40f526a2e', 4, (SELECT id FROM operation_catalog WHERE code = 'MFR_REAR_WALL'), 4.0, 'BODY', 'MANUFACTURE REAR WALL'),
  ('1c814aec-3c6c-d624-3938-c82fcd27f89a', 'e837257a-180b-df34-71c0-31f40f526a2e', 5, (SELECT id FROM operation_catalog WHERE code = 'MFR_ROOF'), 4.0, 'BODY', 'MANUFACTURE ROOF'),
  ('590697c1-7ad9-ef91-218d-4ea64dc39c39', 'e837257a-180b-df34-71c0-31f40f526a2e', 6, (SELECT id FROM operation_catalog WHERE code = 'FAB_LINE_ASSY'), 5.0, 'BODY', 'FABRICATION LINE ASSEMBLY'),
  ('9ed9f66e-a2da-d536-a912-27a92deca24a', 'e837257a-180b-df34-71c0-31f40f526a2e', 7, (SELECT id FROM operation_catalog WHERE code = 'BODY_FITOUT'), 15.0, 'BODY', 'BODY FITOUT'),
  ('2d3d329d-8dc7-4753-0c95-708b0970fb42', 'e837257a-180b-df34-71c0-31f40f526a2e', 8, (SELECT id FROM operation_catalog WHERE code = 'CHASSIS_PREP_FLITCH'), 5.0, 'CHASSIS', 'CHASSIS PREP: FLITCH PLATES AND PLASTICS; ELECTRICAL PREP'),
  ('cc36a9f9-29ea-8bf5-6ec9-2eaa89ab3b4e', 'e837257a-180b-df34-71c0-31f40f526a2e', 9, (SELECT id FROM operation_catalog WHERE code = 'FITMENT_INSTALL'), 4.0, 'BODY', 'FITMENT: INSTALL BODY AND WELDDOWN, FIT MUD FLAPS'),
  ('8bdfd296-45d6-0e97-907a-529e3e00a3e8', 'e837257a-180b-df34-71c0-31f40f526a2e', 10, (SELECT id FROM operation_catalog WHERE code = 'WIRING_LIGHTS'), 1.0, 'BODY', 'WIRING OF CLEARANCE LIGHTS AND TAILLIGHTS'),
  ('f5c7ec2c-8e2d-2f8c-0211-62dbc6b9b50a', 'e837257a-180b-df34-71c0-31f40f526a2e', 11, (SELECT id FROM operation_catalog WHERE code = 'BLUE_PLATE_QC'), 1.0, 'BODY', 'BLUE PLATE AND FINAL QC'),
  ('0351ea05-7024-f5b2-d3d6-bc1b89b2f994', 'e837257a-180b-df34-71c0-31f40f526a2e', 12, (SELECT id FROM operation_catalog WHERE code = 'PAINT_PREP_RUB'), 5.0, 'BODY', 'PAINT PREP & RUB'),
  ('2c335dc7-b5e2-93cb-1732-a0ab41eebf85', 'e837257a-180b-df34-71c0-31f40f526a2e', 13, (SELECT id FROM operation_catalog WHERE code = 'PAINT_PRIME_SEAL'), 5.0, 'BODY', 'PRIME, SEAL & RUB'),
  ('e0403c25-7678-1c7d-5840-c5f31c4e0b6c', 'e837257a-180b-df34-71c0-31f40f526a2e', 14, (SELECT id FROM operation_catalog WHERE code = 'PAINT_FINAL'), 5.0, 'BODY', 'FINAL PAINT')
ON CONFLICT (id) DO NOTHING;

-- IAL-TT91F (87.0 h, 17 ops)
INSERT INTO template_operations (id, template_version_id, sequence, operation_id, estimated_hours, flow_track, notes)
VALUES
  ('76d350f5-204e-5912-5ff7-d7352b73ffc4', '05645690-c28a-dbac-4091-9657ab46c803', 1, (SELECT id FROM operation_catalog WHERE code = 'MAT_PROC_CNC'), 8.0, 'BODY', 'MATERIAL PROCESSING/CNC (METAL)'),
  ('ab2f8e90-8d36-641e-0285-869a62c6bf64', '05645690-c28a-dbac-4091-9657ab46c803', 2, (SELECT id FROM operation_catalog WHERE code = 'MAT_PROC_FIBRE'), 3.0, 'BODY', 'FIBER GLOSS PANEL PROCESSING/CNC'),
  ('952580aa-0b14-65f0-e01b-4505c3b954c2', '05645690-c28a-dbac-4091-9657ab46c803', 3, (SELECT id FROM operation_catalog WHERE code = 'MFR_BASE'), 11.0, 'BODY', 'MANUFACTURE BASE'),
  ('9190b627-b0f2-aa74-538f-1f8758d2a393', '05645690-c28a-dbac-4091-9657ab46c803', 4, (SELECT id FROM operation_catalog WHERE code = 'MFR_FRONT_WALL'), 3.0, 'BODY', 'MANUFACTURE FRONT WALL'),
  ('111d6304-9e2d-962e-4fa7-e79f05b32a03', '05645690-c28a-dbac-4091-9657ab46c803', 5, (SELECT id FROM operation_catalog WHERE code = 'MFR_REAR_WALL'), 3.0, 'BODY', 'MANUFACTURE REAR WALL'),
  ('9047d717-a40c-596f-306b-86bfb6cb796c', '05645690-c28a-dbac-4091-9657ab46c803', 6, (SELECT id FROM operation_catalog WHERE code = 'MFR_ROOF'), 4.0, 'BODY', 'MANUFACTURE ROOF'),
  ('477bfaf8-74f9-13b5-042d-cb7bf2443711', '05645690-c28a-dbac-4091-9657ab46c803', 7, (SELECT id FROM operation_catalog WHERE code = 'MFR_REAR_DOORS'), 3.0, 'BODY', 'MANUFACTURE REAR BARN DOORS'),
  ('10ab3ce3-c8d8-f727-9fa4-be14d7af974a', '05645690-c28a-dbac-4091-9657ab46c803', 8, (SELECT id FROM operation_catalog WHERE code = 'FAB_LINE_ASSY'), 5.0, 'BODY', 'FABRICATION LINE ASSEMBLY'),
  ('4af4efd3-5544-52f1-4f37-531806f4c487', '05645690-c28a-dbac-4091-9657ab46c803', 9, (SELECT id FROM operation_catalog WHERE code = 'PAINT_PREP_RUB'), 6.0, 'BODY', 'PAINT PREP & RUB'),
  ('fd4e6e6e-3e77-9564-47b8-9a113c7c6b83', '05645690-c28a-dbac-4091-9657ab46c803', 10, (SELECT id FROM operation_catalog WHERE code = 'PAINT_PRIME_SEAL'), 6.0, 'BODY', 'PRIME, SEAL & RUB'),
  ('6b795f50-6a7f-8ba0-0702-d234bfd7e98a', '05645690-c28a-dbac-4091-9657ab46c803', 11, (SELECT id FROM operation_catalog WHERE code = 'PAINT_FINAL'), 6.0, 'BODY', 'FINAL PAINT'),
  ('6e5c60d4-ff9c-9e2f-8d7a-574e92de9b5d', '05645690-c28a-dbac-4091-9657ab46c803', 12, (SELECT id FROM operation_catalog WHERE code = 'PAINT_ROLL_FLOOR'), 2.0, 'BODY', 'ROLL FLOOR; UNDERSIDE BLACK AND TOUCH UP'),
  ('097b6701-f0c3-9a5d-e018-fbfe2b27a5fb', '05645690-c28a-dbac-4091-9657ab46c803', 13, (SELECT id FROM operation_catalog WHERE code = 'BODY_FITOUT'), 15.0, 'BODY', 'BODY FITOUT'),
  ('94d3fb1c-ad59-9b88-56b4-65ddfae83c1b', '05645690-c28a-dbac-4091-9657ab46c803', 14, (SELECT id FROM operation_catalog WHERE code = 'CHASSIS_PREP_FLITCH'), 5.0, 'CHASSIS', 'CHASSIS PREP: FLITCH PLATES AND PLASTICS; ELECTRICAL PREP'),
  ('fc6dc743-6050-b94f-c3a1-888d0890ba02', '05645690-c28a-dbac-4091-9657ab46c803', 15, (SELECT id FROM operation_catalog WHERE code = 'FITMENT_INSTALL'), 4.0, 'BODY', 'FITMENT: INSTALL BODY AND WELDDOWN, FIT MUD FLAPS'),
  ('305be9d1-d390-9486-0d74-103d55504ab4', '05645690-c28a-dbac-4091-9657ab46c803', 16, (SELECT id FROM operation_catalog WHERE code = 'WIRING_LIGHTS'), 2.0, 'BODY', 'WIRING OF CLEARANCE LIGHTS AND TAILLIGHTS'),
  ('a755a262-23d5-fd12-eae9-60794c9867e3', '05645690-c28a-dbac-4091-9657ab46c803', 17, (SELECT id FROM operation_catalog WHERE code = 'BLUE_PLATE_QC'), 1.0, 'BODY', 'BLUE PLATE AND FINAL QC')
ON CONFLICT (id) DO NOTHING;

-- IAL-TT89F (87.0 h, 17 ops)
INSERT INTO template_operations (id, template_version_id, sequence, operation_id, estimated_hours, flow_track, notes)
VALUES
  ('57803752-6b86-feec-119a-40cce4ebef82', 'cc4e1a21-569f-a407-0d19-62f47bce348a', 1, (SELECT id FROM operation_catalog WHERE code = 'MAT_PROC_CNC'), 8.0, 'BODY', 'MATERIAL PROCESSING/CNC (METAL)'),
  ('f7ba54fc-ef04-24ec-77a8-b96044311ac3', 'cc4e1a21-569f-a407-0d19-62f47bce348a', 2, (SELECT id FROM operation_catalog WHERE code = 'MAT_PROC_FIBRE'), 3.0, 'BODY', 'FIBER GLOSS PANEL PROCESSING/CNC'),
  ('2dbebebc-7506-73f1-a7c3-300accfa03df', 'cc4e1a21-569f-a407-0d19-62f47bce348a', 3, (SELECT id FROM operation_catalog WHERE code = 'MFR_BASE'), 11.0, 'BODY', 'MANUFACTURE BASE'),
  ('82e50677-a9b7-20b0-41a2-583b9770fbfd', 'cc4e1a21-569f-a407-0d19-62f47bce348a', 4, (SELECT id FROM operation_catalog WHERE code = 'MFR_FRONT_WALL'), 3.0, 'BODY', 'MANUFACTURE FRONT WALL'),
  ('a4f1505a-e1e6-4c66-b195-6cf783aa82c0', 'cc4e1a21-569f-a407-0d19-62f47bce348a', 5, (SELECT id FROM operation_catalog WHERE code = 'MFR_REAR_WALL'), 3.0, 'BODY', 'MANUFACTURE REAR WALL'),
  ('515d74a6-ab52-12f4-3658-731cedf588ea', 'cc4e1a21-569f-a407-0d19-62f47bce348a', 6, (SELECT id FROM operation_catalog WHERE code = 'MFR_ROOF'), 4.0, 'BODY', 'MANUFACTURE ROOF'),
  ('8def779a-c054-09a9-1a94-2f5e4dbd9ba1', 'cc4e1a21-569f-a407-0d19-62f47bce348a', 7, (SELECT id FROM operation_catalog WHERE code = 'MFR_REAR_DOORS'), 3.0, 'BODY', 'MANUFACTURE REAR BARN DOORS'),
  ('789998b8-8923-650f-44c4-19343ac9fa19', 'cc4e1a21-569f-a407-0d19-62f47bce348a', 8, (SELECT id FROM operation_catalog WHERE code = 'FAB_LINE_ASSY'), 5.0, 'BODY', 'FABRICATION LINE ASSEMBLY'),
  ('15431837-f83f-f016-6643-836bf42045fa', 'cc4e1a21-569f-a407-0d19-62f47bce348a', 9, (SELECT id FROM operation_catalog WHERE code = 'PAINT_PREP_RUB'), 6.0, 'BODY', 'PAINT PREP & RUB'),
  ('db445e03-3cb9-bae1-06dd-2de321ff031c', 'cc4e1a21-569f-a407-0d19-62f47bce348a', 10, (SELECT id FROM operation_catalog WHERE code = 'PAINT_PRIME_SEAL'), 6.0, 'BODY', 'PRIME, SEAL & RUB'),
  ('2d8cedf9-cb4c-937b-818e-7443a6a91ed5', 'cc4e1a21-569f-a407-0d19-62f47bce348a', 11, (SELECT id FROM operation_catalog WHERE code = 'PAINT_FINAL'), 6.0, 'BODY', 'FINAL PAINT'),
  ('3d740d89-f73f-b09b-4647-466f9623c5bc', 'cc4e1a21-569f-a407-0d19-62f47bce348a', 12, (SELECT id FROM operation_catalog WHERE code = 'PAINT_ROLL_FLOOR'), 2.0, 'BODY', 'ROLL FLOOR; UNDERSIDE BLACK AND TOUCH UP'),
  ('6af997bb-9413-0976-9dee-568552e0fc6a', 'cc4e1a21-569f-a407-0d19-62f47bce348a', 13, (SELECT id FROM operation_catalog WHERE code = 'BODY_FITOUT'), 15.0, 'BODY', 'BODY FITOUT'),
  ('dcae5c41-402b-1a5a-9cad-e507c24638f9', 'cc4e1a21-569f-a407-0d19-62f47bce348a', 14, (SELECT id FROM operation_catalog WHERE code = 'CHASSIS_PREP_FLITCH'), 5.0, 'CHASSIS', 'CHASSIS PREP: FLITCH PLATES AND PLASTICS; ELECTRICAL PREP'),
  ('7af12b2f-cbc9-bf02-d928-6e2fbcd38efc', 'cc4e1a21-569f-a407-0d19-62f47bce348a', 15, (SELECT id FROM operation_catalog WHERE code = 'FITMENT_INSTALL'), 4.0, 'BODY', 'FITMENT: INSTALL BODY AND WELDDOWN, FIT MUD FLAPS'),
  ('49f608ff-ab6f-da5a-3541-f28e71edcdce', 'cc4e1a21-569f-a407-0d19-62f47bce348a', 16, (SELECT id FROM operation_catalog WHERE code = 'WIRING_LIGHTS'), 2.0, 'BODY', 'WIRING OF CLEARANCE LIGHTS AND TAILLIGHTS'),
  ('5777d6f7-ac09-47bb-f58a-a43a1f6810e7', 'cc4e1a21-569f-a407-0d19-62f47bce348a', 17, (SELECT id FROM operation_catalog WHERE code = 'BLUE_PLATE_QC'), 1.0, 'BODY', 'BLACK PLATE (BODY BUIDER IDENTIFICATION TAG) AND FINAL QC')
ON CONFLICT (id) DO NOTHING;

-- IAL-TT55N (87.0 h, 17 ops)
INSERT INTO template_operations (id, template_version_id, sequence, operation_id, estimated_hours, flow_track, notes)
VALUES
  ('6efe4ac6-1894-6f22-f79a-44d54d967165', '902e6620-06b6-ea31-8dca-4a45a7980e40', 1, (SELECT id FROM operation_catalog WHERE code = 'MAT_PROC_CNC'), 8.0, 'BODY', 'MATERIAL PROCESSING/CNC (METAL)'),
  ('311c16ec-6f55-e462-f01b-7b6d2b41e78c', '902e6620-06b6-ea31-8dca-4a45a7980e40', 2, (SELECT id FROM operation_catalog WHERE code = 'MAT_PROC_FIBRE'), 3.0, 'BODY', 'FIBER GLOSS PANEL PROCESSING/CNC'),
  ('070cf7b1-444e-212f-740f-ba962a2b0355', '902e6620-06b6-ea31-8dca-4a45a7980e40', 3, (SELECT id FROM operation_catalog WHERE code = 'MFR_BASE'), 10.0, 'BODY', 'MANUFACTURE BASE'),
  ('0036aaf0-82f3-8314-4275-9176b4306ce9', '902e6620-06b6-ea31-8dca-4a45a7980e40', 4, (SELECT id FROM operation_catalog WHERE code = 'MFR_FRONT_WALL'), 3.0, 'BODY', 'MANUFACTURE FRONT WALL'),
  ('4727becb-c54d-3be9-6e11-7c8009282e8d', '902e6620-06b6-ea31-8dca-4a45a7980e40', 5, (SELECT id FROM operation_catalog WHERE code = 'MFR_REAR_WALL'), 3.0, 'BODY', 'MANUFACTURE REAR WALL'),
  ('8b1c7633-4fd3-b844-b591-15eb2fb5ad22', '902e6620-06b6-ea31-8dca-4a45a7980e40', 6, (SELECT id FROM operation_catalog WHERE code = 'MFR_ROOF'), 4.0, 'BODY', 'MANUFACTURE ROOF'),
  ('e05c5470-e3ba-0542-84ad-9d4a85f12e01', '902e6620-06b6-ea31-8dca-4a45a7980e40', 7, (SELECT id FROM operation_catalog WHERE code = 'MFR_REAR_DOORS'), 3.0, 'BODY', 'MANUFACTURE REAR BARN DOORS'),
  ('09b962b9-ec6d-4cae-dcb8-401f96406e93', '902e6620-06b6-ea31-8dca-4a45a7980e40', 8, (SELECT id FROM operation_catalog WHERE code = 'FAB_LINE_ASSY'), 6.0, 'BODY', 'FABRICATION LINE ASSEMBLY'),
  ('a9173118-82b9-efd5-8af1-2d8d44e7197b', '902e6620-06b6-ea31-8dca-4a45a7980e40', 9, (SELECT id FROM operation_catalog WHERE code = 'PAINT_PREP_RUB'), 6.0, 'BODY', 'PAINT PREP & RUB'),
  ('4c53873d-1f00-6f50-9010-186759702b30', '902e6620-06b6-ea31-8dca-4a45a7980e40', 10, (SELECT id FROM operation_catalog WHERE code = 'PAINT_PRIME_SEAL'), 6.0, 'BODY', 'PRIME, SEAL & RUB'),
  ('7c6c5fbc-c69f-6365-27ef-044d4d445fbb', '902e6620-06b6-ea31-8dca-4a45a7980e40', 11, (SELECT id FROM operation_catalog WHERE code = 'PAINT_FINAL'), 6.0, 'BODY', 'FINAL PAINT'),
  ('b84aae89-bdb9-58d6-001f-d7b2d7fdcd20', '902e6620-06b6-ea31-8dca-4a45a7980e40', 12, (SELECT id FROM operation_catalog WHERE code = 'PAINT_ROLL_FLOOR'), 2.0, 'BODY', 'ROLL FLOOR; UNDERSIDE BLACK AND TOUCH UP'),
  ('510a5809-4a03-6bb3-fb08-667b033b0022', '902e6620-06b6-ea31-8dca-4a45a7980e40', 13, (SELECT id FROM operation_catalog WHERE code = 'BODY_FITOUT'), 15.0, 'BODY', 'BODY FITOUT'),
  ('6ee46d83-782d-e342-8d9b-ed221abc336c', '902e6620-06b6-ea31-8dca-4a45a7980e40', 14, (SELECT id FROM operation_catalog WHERE code = 'CHASSIS_PREP_FLITCH'), 5.0, 'CHASSIS', 'CHASSIS PREP: FLITCH PLATES AND PLASTICS; ELECTRICAL PREP'),
  ('413cef58-2cb7-5394-a24b-ec34339a798d', '902e6620-06b6-ea31-8dca-4a45a7980e40', 15, (SELECT id FROM operation_catalog WHERE code = 'FITMENT_INSTALL'), 4.0, 'BODY', 'FITMENT: INSTALL BODY AND WELDDOWN, FIT MUD FLAPS'),
  ('5a4e8618-2333-ea8b-5c18-cca678385913', '902e6620-06b6-ea31-8dca-4a45a7980e40', 16, (SELECT id FROM operation_catalog WHERE code = 'WIRING_LIGHTS'), 2.0, 'BODY', 'WIRING OF CLEARANCE LIGHTS AND TAILLIGHTS'),
  ('a90c0ef9-d4ba-d12a-f5b4-0c361cd76221', '902e6620-06b6-ea31-8dca-4a45a7980e40', 17, (SELECT id FROM operation_catalog WHERE code = 'BLUE_PLATE_QC'), 1.0, 'BODY', 'BLUE PLATE AND FINAL QC')
ON CONFLICT (id) DO NOTHING;

-- IAL-TT65FR (86.0 h, 16 ops)
INSERT INTO template_operations (id, template_version_id, sequence, operation_id, estimated_hours, flow_track, notes)
VALUES
  ('39109871-f627-654c-19cc-ac8e594071da', 'a691925e-0768-9c57-c1a3-82a656a92e40', 1, (SELECT id FROM operation_catalog WHERE code = 'MAT_PROC_CNC'), 8.0, 'BODY', 'MATERIAL PROCESSING/CNC (METAL)'),
  ('ed9894da-2e70-2456-e200-254a63ba7b4b', 'a691925e-0768-9c57-c1a3-82a656a92e40', 2, (SELECT id FROM operation_catalog WHERE code = 'MAT_PROC_FIBRE'), 3.0, 'BODY', 'FIBER GLOSS PANEL PROCESSING/CNC'),
  ('736bfe9e-01d7-6d14-eaac-7e461eee34c9', 'a691925e-0768-9c57-c1a3-82a656a92e40', 3, (SELECT id FROM operation_catalog WHERE code = 'MFR_BASE'), 10.0, 'BODY', 'MANUFACTURE BASE'),
  ('8ea9c444-db7d-22ea-d41f-4f4b7c598f09', 'a691925e-0768-9c57-c1a3-82a656a92e40', 4, (SELECT id FROM operation_catalog WHERE code = 'MFR_FRONT_WALL'), 3.0, 'BODY', 'MANUFACTURE FRONT WALL'),
  ('e2fa45ab-12c4-ef5a-bb3e-39c79138dd5d', 'a691925e-0768-9c57-c1a3-82a656a92e40', 5, (SELECT id FROM operation_catalog WHERE code = 'MFR_REAR_WALL'), 3.0, 'BODY', 'MANUFACTURE REAR WALL'),
  ('3b9074ae-6f44-a69c-961c-d4ebad14fe7a', 'a691925e-0768-9c57-c1a3-82a656a92e40', 6, (SELECT id FROM operation_catalog WHERE code = 'MFR_ROOF'), 4.0, 'BODY', 'MANUFACTURE ROOF'),
  ('e5917e86-bab4-e61a-b7a9-ecb4ff2cae78', 'a691925e-0768-9c57-c1a3-82a656a92e40', 7, (SELECT id FROM operation_catalog WHERE code = 'MFR_REAR_DOORS'), 3.0, 'BODY', 'MANUFACTURE REAR BARN DOORS'),
  ('0fbd7983-947f-1993-7885-cb22d25b3323', 'a691925e-0768-9c57-c1a3-82a656a92e40', 8, (SELECT id FROM operation_catalog WHERE code = 'FAB_LINE_ASSY'), 6.0, 'BODY', 'FABRICATION LINE ASSEMBLY'),
  ('079b5532-fc80-b7f4-1e19-8337216d4d7f', 'a691925e-0768-9c57-c1a3-82a656a92e40', 9, (SELECT id FROM operation_catalog WHERE code = 'PAINT_PREP_RUB'), 6.0, 'BODY', 'PAINT PREP & SHOT BLAST'),
  ('ba723a1b-fb18-9ff1-693e-dd06ee6f4519', 'a691925e-0768-9c57-c1a3-82a656a92e40', 10, (SELECT id FROM operation_catalog WHERE code = 'PAINT_PRIME_SEAL'), 6.0, 'BODY', 'PRIME, SEAL'),
  ('b92784e3-14d4-04f4-f677-5be4cf9517b5', 'a691925e-0768-9c57-c1a3-82a656a92e40', 11, (SELECT id FROM operation_catalog WHERE code = 'PAINT_FINAL'), 6.0, 'BODY', 'FINAL PAINT'),
  ('bb757109-3a0b-3222-7f95-8653cc79c418', 'a691925e-0768-9c57-c1a3-82a656a92e40', 12, (SELECT id FROM operation_catalog WHERE code = 'BODY_FITOUT'), 15.0, 'BODY', 'BODY FITOUT'),
  ('9bb588c7-38a4-40f6-37f8-863609251cb3', 'a691925e-0768-9c57-c1a3-82a656a92e40', 13, (SELECT id FROM operation_catalog WHERE code = 'CHASSIS_PREP_FLITCH'), 5.0, 'CHASSIS', 'CHASSIS PREP: FLITCH PLATES AND PLASTICS; ELECTRICAL PREP'),
  ('290e3537-db25-94b3-06eb-ed9260168c81', 'a691925e-0768-9c57-c1a3-82a656a92e40', 14, (SELECT id FROM operation_catalog WHERE code = 'FITMENT_INSTALL'), 4.0, 'BODY', 'FITMENT: INSTALL BODY AND WELDDOWN, FIT MUD FLAPS'),
  ('64e64c2b-ecf9-e17d-c808-dd02045a4e54', 'a691925e-0768-9c57-c1a3-82a656a92e40', 15, (SELECT id FROM operation_catalog WHERE code = 'WIRING_LIGHTS'), 2.0, 'BODY', 'WIRING OF CLEARANCE LIGHTS AND TAILLIGHTS'),
  ('b656ca17-2499-1f77-1128-620511f3cd81', 'a691925e-0768-9c57-c1a3-82a656a92e40', 16, (SELECT id FROM operation_catalog WHERE code = 'BLUE_PLATE_QC'), 2.0, 'BODY', 'BLUE PLATE, BLACK PLATE AND FINAL QC')
ON CONFLICT (id) DO NOTHING;

-- IAL-TT65FD (86.0 h, 16 ops)
INSERT INTO template_operations (id, template_version_id, sequence, operation_id, estimated_hours, flow_track, notes)
VALUES
  ('15bd9347-c6a4-2de5-6888-ed9fdfe258bf', '953d4480-2172-a8c0-fd74-134ea29da33c', 1, (SELECT id FROM operation_catalog WHERE code = 'MAT_PROC_CNC'), 8.0, 'BODY', 'MATERIAL PROCESSING/CNC (METAL)'),
  ('8988333e-10d9-ed24-c752-b30e2db96d66', '953d4480-2172-a8c0-fd74-134ea29da33c', 2, (SELECT id FROM operation_catalog WHERE code = 'MAT_PROC_FIBRE'), 3.0, 'BODY', 'FIBER GLOSS PANEL PROCESSING/CNC'),
  ('fc5c835b-f2ef-56ae-ab0a-56931cc52ef5', '953d4480-2172-a8c0-fd74-134ea29da33c', 3, (SELECT id FROM operation_catalog WHERE code = 'MFR_BASE'), 10.0, 'BODY', 'MANUFACTURE BASE'),
  ('1e165bc1-9f49-266f-f316-9d127dd471b9', '953d4480-2172-a8c0-fd74-134ea29da33c', 4, (SELECT id FROM operation_catalog WHERE code = 'MFR_FRONT_WALL'), 3.0, 'BODY', 'MANUFACTURE FRONT WALL'),
  ('f614ccd7-1f2d-cca1-970b-c72567fd88ca', '953d4480-2172-a8c0-fd74-134ea29da33c', 5, (SELECT id FROM operation_catalog WHERE code = 'MFR_REAR_WALL'), 3.0, 'BODY', 'MANUFACTURE REAR WALL'),
  ('a8571963-e42d-186b-337b-19cef57d7f7a', '953d4480-2172-a8c0-fd74-134ea29da33c', 6, (SELECT id FROM operation_catalog WHERE code = 'MFR_ROOF'), 4.0, 'BODY', 'MANUFACTURE ROOF'),
  ('0cebd81a-f326-7d4c-5423-41e3c6b1a791', '953d4480-2172-a8c0-fd74-134ea29da33c', 7, (SELECT id FROM operation_catalog WHERE code = 'MFR_REAR_DOORS'), 3.0, 'BODY', 'MANUFACTURE REAR BARN DOORS'),
  ('1204ef59-2cf5-7613-69bd-d5a25ff409d2', '953d4480-2172-a8c0-fd74-134ea29da33c', 8, (SELECT id FROM operation_catalog WHERE code = 'FAB_LINE_ASSY'), 6.0, 'BODY', 'FABRICATION LINE ASSEMBLY'),
  ('aa70e943-bc0b-baf5-4548-641f87a5d425', '953d4480-2172-a8c0-fd74-134ea29da33c', 9, (SELECT id FROM operation_catalog WHERE code = 'PAINT_PREP_RUB'), 6.0, 'BODY', 'PAINT PREP & SHOT BLAST'),
  ('e19ca95c-530b-d22f-b06b-85f6e1632559', '953d4480-2172-a8c0-fd74-134ea29da33c', 10, (SELECT id FROM operation_catalog WHERE code = 'PAINT_PRIME_SEAL'), 6.0, 'BODY', 'PRIME, SEAL'),
  ('01981f6c-2033-84bc-e372-c6611f8709da', '953d4480-2172-a8c0-fd74-134ea29da33c', 11, (SELECT id FROM operation_catalog WHERE code = 'PAINT_FINAL'), 6.0, 'BODY', 'FINAL PAINT'),
  ('6c49e538-d599-4cbb-10f9-52e0318e92bd', '953d4480-2172-a8c0-fd74-134ea29da33c', 12, (SELECT id FROM operation_catalog WHERE code = 'BODY_FITOUT'), 15.0, 'BODY', 'BODY FITOUT'),
  ('5b4e9b2a-d1fe-da18-0fe8-4b98c144ef45', '953d4480-2172-a8c0-fd74-134ea29da33c', 13, (SELECT id FROM operation_catalog WHERE code = 'CHASSIS_PREP_FLITCH'), 5.0, 'CHASSIS', 'CHASSIS PREP: FLITCH PLATES AND PLASTICS; ELECTRICAL PREP'),
  ('022f215c-ec61-7470-f222-a11b2a8b089e', '953d4480-2172-a8c0-fd74-134ea29da33c', 14, (SELECT id FROM operation_catalog WHERE code = 'FITMENT_INSTALL'), 4.0, 'BODY', 'FITMENT: INSTALL BODY AND WELDDOWN, FIT MUD FLAPS'),
  ('d73a9077-c05c-5686-b52d-b93ed529e212', '953d4480-2172-a8c0-fd74-134ea29da33c', 15, (SELECT id FROM operation_catalog WHERE code = 'WIRING_LIGHTS'), 2.0, 'BODY', 'WIRING OF CLEARANCE LIGHTS AND TAILLIGHTS'),
  ('b8497328-91b1-673b-fca9-c50b987ece76', '953d4480-2172-a8c0-fd74-134ea29da33c', 16, (SELECT id FROM operation_catalog WHERE code = 'BLUE_PLATE_QC'), 2.0, 'BODY', 'BLUE PLATE, BLACK PLATE AND FINAL QC')
ON CONFLICT (id) DO NOTHING;

-- DFE-TT52N (75.5 h, 15 ops)
INSERT INTO template_operations (id, template_version_id, sequence, operation_id, estimated_hours, flow_track, notes)
VALUES
  ('b7212091-3645-26d7-c522-036cfa26e50f', 'a186e14e-de31-58a4-866f-1159ec418fef', 1, (SELECT id FROM operation_catalog WHERE code = 'MAT_PROC_CNC'), 8.0, 'BODY', 'MATERIAL PROCESSING/CNC'),
  ('bd652fd9-5f75-bca8-488b-687e480c1249', 'a186e14e-de31-58a4-866f-1159ec418fef', 2, (SELECT id FROM operation_catalog WHERE code = 'MFR_BASE'), 4.5, 'BODY', 'MANUFACTURE BASE'),
  ('b5e85f83-acb1-2612-763d-7eef4e0d83a9', 'a186e14e-de31-58a4-866f-1159ec418fef', 3, (SELECT id FROM operation_catalog WHERE code = 'MFR_FRONT_WALL'), 4.0, 'BODY', 'MANUFACTURE FRONT WALL'),
  ('d72f7311-bbf1-7ab7-9a20-422485ea617e', 'a186e14e-de31-58a4-866f-1159ec418fef', 4, (SELECT id FROM operation_catalog WHERE code = 'MFR_REAR_WALL'), 4.0, 'BODY', 'MANUFACTURE REAR WALL'),
  ('aa73f479-ccaa-fdc3-44de-2afdcbeeab12', 'a186e14e-de31-58a4-866f-1159ec418fef', 5, (SELECT id FROM operation_catalog WHERE code = 'MFR_REAR_DOORS'), 2.0, 'BODY', 'MANUFACTURE SIDE ACCESS DOOR'),
  ('4daa192d-ebe7-b3d2-d451-3ec376f24e05', 'a186e14e-de31-58a4-866f-1159ec418fef', 6, (SELECT id FROM operation_catalog WHERE code = 'MFR_ROOF'), 4.0, 'BODY', 'MANUFACTURE ROOF'),
  ('5ebd362b-0769-711c-4cfb-db4ef3beec45', 'a186e14e-de31-58a4-866f-1159ec418fef', 7, (SELECT id FROM operation_catalog WHERE code = 'FAB_LINE_ASSY'), 4.0, 'BODY', 'FABRICATION LINE ASSEMBLY'),
  ('b226ef3d-97de-5252-7179-dad48629875b', 'a186e14e-de31-58a4-866f-1159ec418fef', 8, (SELECT id FROM operation_catalog WHERE code = 'BODY_FITOUT'), 15.0, 'BODY', 'BODY FITOUT'),
  ('2ecc4766-09fc-5885-6900-dbb91302db46', 'a186e14e-de31-58a4-866f-1159ec418fef', 9, (SELECT id FROM operation_catalog WHERE code = 'CHASSIS_PREP_FLITCH'), 4.5, 'CHASSIS', 'CHASSIS PREP: FLITCH PLATES AND PLASTICS; ELECTRICAL PREP'),
  ('b2e45452-c991-0d76-8d76-d9bb17cb5c3e', 'a186e14e-de31-58a4-866f-1159ec418fef', 10, (SELECT id FROM operation_catalog WHERE code = 'FITMENT_INSTALL'), 10.0, 'BODY', 'FITMENT: INSTALL BODY AND FIT TAILGATE'),
  ('e5e0a955-02fd-b602-20a9-b670a5270ae3', 'a186e14e-de31-58a4-866f-1159ec418fef', 11, (SELECT id FROM operation_catalog WHERE code = 'WIRING_LIGHTS'), 1.0, 'BODY', 'WIRING OF CLEARANCE LIGHTS AND TAILLIGHTS'),
  ('1308e2d0-6098-5bdc-2e58-06bc44f08dfc', 'a186e14e-de31-58a4-866f-1159ec418fef', 12, (SELECT id FROM operation_catalog WHERE code = 'BLUE_PLATE_QC'), 1.0, 'BODY', 'BLUE PLATE AND FINAL QC'),
  ('1ec3f97a-4545-21e5-c237-fe4dae8284cf', 'a186e14e-de31-58a4-866f-1159ec418fef', 13, (SELECT id FROM operation_catalog WHERE code = 'PAINT_PREP_RUB'), 4.5, 'BODY', 'PAINT PREP & RUB'),
  ('7fc5f0b9-2491-4531-b795-9e10ad896935', 'a186e14e-de31-58a4-866f-1159ec418fef', 14, (SELECT id FROM operation_catalog WHERE code = 'PAINT_PRIME_SEAL'), 4.5, 'BODY', 'PRIME, SEAL & RUB'),
  ('b62858cd-8548-f5a7-fa11-5cf625932c1d', 'a186e14e-de31-58a4-866f-1159ec418fef', 15, (SELECT id FROM operation_catalog WHERE code = 'PAINT_FINAL'), 4.5, 'BODY', 'FINAL PAINT')
ON CONFLICT (id) DO NOTHING;

-- TS71F (66.0 h, 17 ops)
INSERT INTO template_operations (id, template_version_id, sequence, operation_id, estimated_hours, flow_track, notes)
VALUES
  ('06f552df-4d26-3f78-e566-bbfda6ca12cc', 'd1b15f63-1776-ce6b-07d7-7768cfc30199', 1, (SELECT id FROM operation_catalog WHERE code = 'MAT_PROC_CNC'), 8.0, 'BODY', 'MATERIAL PROCESSING/CNC'),
  ('9d4b4f53-950d-0d8f-3747-861040cb86fe', 'd1b15f63-1776-ce6b-07d7-7768cfc30199', 2, (SELECT id FROM operation_catalog WHERE code = 'MFR_SUBFRAME'), 3.0, 'SUBFRAME', 'MANUFACTURE SUBFRAME'),
  ('aaa2bb82-85e8-0522-1b88-ac1d5529216b', 'd1b15f63-1776-ce6b-07d7-7768cfc30199', 3, (SELECT id FROM operation_catalog WHERE code = 'MFR_BASE'), 4.0, 'BODY', 'MANUFACTURE BASE'),
  ('7a75dd55-4213-bad8-69ec-e702301e4cb0', 'd1b15f63-1776-ce6b-07d7-7768cfc30199', 4, (SELECT id FROM operation_catalog WHERE code = 'MFR_HEADBOARD'), 2.5, 'BODY', 'MANUFACTURE HEADBOARD'),
  ('b9f347b1-4f40-4699-7cfe-2651eaafadb1', 'd1b15f63-1776-ce6b-07d7-7768cfc30199', 5, (SELECT id FROM operation_catalog WHERE code = 'MFR_DROPSIDES'), 5.0, 'BODY', 'MANUFACTURE 350MM DROPSIDES (2 QTY) + TAILGATE (1 QTY)'),
  ('19994f28-193e-13ee-4d43-586d88c5c1b6', 'd1b15f63-1776-ce6b-07d7-7768cfc30199', 6, (SELECT id FROM operation_catalog WHERE code = 'FAB_LINE_ASSY'), 8.0, 'BODY', 'FABRICATION LINE ASSEMBLY'),
  ('07b86d64-f0a8-418b-76e7-a6078c22b67e', 'd1b15f63-1776-ce6b-07d7-7768cfc30199', 7, (SELECT id FROM operation_catalog WHERE code = 'SUBFRAME_PTO_HYD'), 2.5, 'SUBFRAME', 'SUBFRAME PTO & HYDRAULICS FITOUT'),
  ('d1cb0055-b710-ede9-893c-87048c35d3a9', 'd1b15f63-1776-ce6b-07d7-7768cfc30199', 8, (SELECT id FROM operation_catalog WHERE code = 'BODY_FITOUT'), 1.5, 'BODY', 'BODY FITOUT'),
  ('abd75cec-69fe-5cfa-36a5-99b6a9076cff', 'd1b15f63-1776-ce6b-07d7-7768cfc30199', 9, (SELECT id FROM operation_catalog WHERE code = 'CHASSIS_PREP_FLITCH'), 5.0, 'CHASSIS', 'CHASSIS PREP: FLITCH PLATES AND PLASTICS; ELECTRICAL PREP'),
  ('05e61499-2f0d-5d92-cdbf-d0f946e9c38e', 'd1b15f63-1776-ce6b-07d7-7768cfc30199', 10, (SELECT id FROM operation_catalog WHERE code = 'FITMENT_INSTALL'), 7.5, 'CHASSIS', 'FITMENT: TIPPER INSTALL AND WELDDOWN, FIT MUD FLAPS'),
  ('91ef2af8-50e3-8d4e-c187-39a48a565554', 'd1b15f63-1776-ce6b-07d7-7768cfc30199', 11, (SELECT id FROM operation_catalog WHERE code = 'WIRING_LIGHTS'), 0.5, 'BODY', 'TIPPER WIRING OF CLEARANCE LIGHTS AND TAILLIGHTS'),
  ('af33a68b-7eaa-2a62-888b-a6fb7a9f80bf', 'd1b15f63-1776-ce6b-07d7-7768cfc30199', 12, (SELECT id FROM operation_catalog WHERE code = 'BLUE_PLATE_QC'), 1.0, 'BODY', 'BLUE PLATE AND FINAL QC'),
  ('aedc67df-66f6-7ca8-c268-f1d2bd49404f', 'd1b15f63-1776-ce6b-07d7-7768cfc30199', 13, (SELECT id FROM operation_catalog WHERE code = 'PAINT_SUBFRAME'), 2.0, 'SUBFRAME', 'PAINT SUBFRAME: RUB, PRIME, SEAL AND PAINT'),
  ('1200369f-03d0-a470-6a0e-0bd59c45c07f', 'd1b15f63-1776-ce6b-07d7-7768cfc30199', 14, (SELECT id FROM operation_catalog WHERE code = 'PAINT_PREP_RUB'), 5.0, 'BODY', 'TIPPER BODY PAINT PREP & RUBBING'),
  ('6e2b0b55-e6b7-294c-e014-2e4a659ab179', 'd1b15f63-1776-ce6b-07d7-7768cfc30199', 15, (SELECT id FROM operation_catalog WHERE code = 'PAINT_PRIME_SEAL'), 5.0, 'BODY', 'PRIME 2 PAC, AND SEAL'),
  ('b3a7b8dd-291d-8bd4-63b2-f8447624bb6a', 'd1b15f63-1776-ce6b-07d7-7768cfc30199', 16, (SELECT id FROM operation_catalog WHERE code = 'PAINT_FINAL'), 4.0, 'BODY', 'FINAL PAINT'),
  ('e7045f36-8af5-ec1c-68df-b96fdccecb7e', 'd1b15f63-1776-ce6b-07d7-7768cfc30199', 17, (SELECT id FROM operation_catalog WHERE code = 'PAINT_UNDERSIDE'), 1.5, 'BODY', 'UNDERSIDE BLACK AND TOUCH UP')
ON CONFLICT (id) DO NOTHING;

COMMIT;